[
  {
    "option": "Tổng hợp học phí tất cả học kỳ",
    "data": [
      {
        "stt": "Thu Học Lại"
      },
      {
        "stt": "1",
        "niên_học_học_kỳ": "Học kỳ 3 năm học 2023 - 2024",
        "hp_chua_giam": "2,700,000",
        "mien_giam": "0",
        "phai_thu": "2,700,000",
        "da_thu": "2,700,000",
        "con_no": "0"
      },
      {
        "stt": "Tổng",
        "niên_học_học_kỳ": "2,700,000",
        "hp_chua_giam": "0",
        "mien_giam": "2,700,000",
        "phai_thu": "2,700,000",
        "da_thu": "0"
      },
      {
        "stt": "Thu Học Phí"
      },
      {
        "stt": "1",
        "niên_học_học_kỳ": "Học kỳ 1 năm học 2021 - 2022",
        "hp_chua_giam": "9,840,000",
        "mien_giam": "0",
        "phai_thu": "9,840,000",
        "da_thu": "9,840,000",
        "con_no": "0"
      },
      {
        "stt": "2",
        "niên_học_học_kỳ": "Học kỳ 2 năm học 2021 - 2022",
        "hp_chua_giam": "10,080,000",
        "mien_giam": "0",
        "phai_thu": "10,080,000",
        "da_thu": "10,080,000",
        "con_no": "0"
      },
      {
        "stt": "3",
        "niên_học_học_kỳ": "Học kỳ 1 năm học 2022 - 2023",
        "hp_chua_giam": "10,450,000",
        "mien_giam": "0",
        "phai_thu": "10,450,000",
        "da_thu": "10,450,000",
        "con_no": "0"
      },
      {
        "stt": "4",
        "niên_học_học_kỳ": "Học kỳ 2 năm học 2022 - 2023",
        "hp_chua_giam": "11,400,000",
        "mien_giam": "0",
        "phai_thu": "11,400,000",
        "da_thu": "11,400,000",
        "con_no": "0"
      },
      {
        "stt": "5",
        "niên_học_học_kỳ": "Học kỳ 1 năm học 2023 - 2024",
        "hp_chua_giam": "11,970,000",
        "mien_giam": "0",
        "phai_thu": "11,970,000",
        "da_thu": "11,970,000",
        "con_no": "0"
      },
      {
        "stt": "6",
        "niên_học_học_kỳ": "Học kỳ 2 năm học 2023 - 2024",
        "hp_chua_giam": "11,970,000",
        "mien_giam": "0",
        "phai_thu": "11,970,000",
        "da_thu": "11,970,000",
        "con_no": "0"
      },
      {
        "stt": "7",
        "niên_học_học_kỳ": "Học kỳ 1 năm học 2024 - 2025",
        "hp_chua_giam": "11,970,000",
        "mien_giam": "0",
        "phai_thu": "11,970,000",
        "da_thu": "0",
        "con_no": "11,970,000"
      },
      {
        "stt": "Tổng",
        "niên_học_học_kỳ": "77,680,000",
        "hp_chua_giam": "0",
        "mien_giam": "77,680,000",
        "phai_thu": "65,710,000",
        "da_thu": "11,970,000"
      }
    ]
  },
  {
    "option": "Học kỳ 1 Năm học 2021-2022",
    "data": [
      {
        "tableIndex": 1,
        "rows": [
          {
            "stt": "1",
            "maMonHoc": "BAS1105M",
            "dienGiai": "Giáo dục quốc phòng",
            "hocLai": "",
            "soTCHP": "7.5",
            "soTien": "3,600,000",
            "mienGiam": "0",
            "phaiThu": "3,600,000"
          },
          {
            "stt": "2",
            "maMonHoc": "BAS1106",
            "dienGiai": "Giáo dục thể chất 1",
            "hocLai": "",
            "soTCHP": "2",
            "soTien": "960,000",
            "mienGiam": "0",
            "phaiThu": "960,000"
          },
          {
            "stt": "3",
            "maMonHoc": "BAS1150",
            "dienGiai": "Triết học Mác - Lênin",
            "hocLai": "",
            "soTCHP": "3",
            "soTien": "1,440,000",
            "mienGiam": "0",
            "phaiThu": "1,440,000"
          },
          {
            "stt": "4",
            "maMonHoc": "BAS1201",
            "dienGiai": "Đại số",
            "hocLai": "",
            "soTCHP": "3",
            "soTien": "1,440,000",
            "mienGiam": "0",
            "phaiThu": "1,440,000"
          },
          {
            "stt": "5",
            "maMonHoc": "BAS1203",
            "dienGiai": "Giải tích 1",
            "hocLai": "",
            "soTCHP": "3",
            "soTien": "1,440,000",
            "mienGiam": "0",
            "phaiThu": "1,440,000"
          },
          {
            "stt": "6",
            "maMonHoc": "INT1154",
            "dienGiai": "Tin học cơ sở 1",
            "hocLai": "",
            "soTCHP": "2",
            "soTien": "960,000",
            "mienGiam": "0",
            "phaiThu": "960,000"
          }
        ]
      },
      {
        "tableIndex": 2,
        "rows": [
          {
            "stt": "Số phiếu: 0055219 - Ngày: 10/5/2021 12:00:00 AM - Số tiền: 9840000"
          },
          {
            "stt": "1",
            "maMonHoc": "",
            "dienGiai": "Chưa phân bổ",
            "daThu": "9,840,000"
          }
        ]
      },
      {
        "tableIndex": 3,
        "rows": []
      }
    ]
  },
  {
    "option": "Học kỳ 2 Năm học 2021-2022",
    "data": [
      {
        "tableIndex": 1,
        "rows": [
          {
            "stt": "1",
            "maMonHoc": "BAS1107",
            "dienGiai": "Giáo dục thể chất 2",
            "hocLai": "",
            "soTCHP": "2",
            "soTien": "960,000",
            "mienGiam": "0",
            "phaiThu": "960,000"
          },
          {
            "stt": "2",
            "maMonHoc": "BAS1151",
            "dienGiai": "Kinh tế chính trị Mác- Lênin",
            "hocLai": "",
            "soTCHP": "2",
            "soTien": "960,000",
            "mienGiam": "0",
            "phaiThu": "960,000"
          },
          {
            "stt": "3",
            "maMonHoc": "BAS1157",
            "dienGiai": "Tiếng Anh (Course 1)",
            "hocLai": "",
            "soTCHP": "4",
            "soTien": "1,920,000",
            "mienGiam": "0",
            "phaiThu": "1,920,000"
          },
          {
            "stt": "4",
            "maMonHoc": "BAS1204",
            "dienGiai": "Giải tích 2",
            "hocLai": "",
            "soTCHP": "3",
            "soTien": "1,440,000",
            "mienGiam": "0",
            "phaiThu": "1,440,000"
          },
          {
            "stt": "5",
            "maMonHoc": "BAS1224",
            "dienGiai": "Vật lý 1 và thí nghiệm",
            "hocLai": "",
            "soTCHP": "4",
            "soTien": "1,920,000",
            "mienGiam": "0",
            "phaiThu": "1,920,000"
          },
          {
            "stt": "6",
            "maMonHoc": "BAS1226",
            "dienGiai": "Xác suất thống kê",
            "hocLai": "",
            "soTCHP": "2",
            "soTien": "960,000",
            "mienGiam": "0",
            "phaiThu": "960,000"
          },
          {
            "stt": "7",
            "maMonHoc": "ELE1433",
            "dienGiai": "Kỹ thuật số",
            "hocLai": "",
            "soTCHP": "2",
            "soTien": "960,000",
            "mienGiam": "0",
            "phaiThu": "960,000"
          },
          {
            "stt": "8",
            "maMonHoc": "INT1155",
            "dienGiai": "Tin học cơ sở 2",
            "hocLai": "",
            "soTCHP": "2",
            "soTien": "960,000",
            "mienGiam": "0",
            "phaiThu": "960,000"
          }
        ]
      },
      {
        "tableIndex": 2,
        "rows": [
          {
            "stt": "Số phiếu: - Ngày: 4/13/2022 12:00:00 AM - Số tiền: 10080000"
          },
          {
            "stt": "1",
            "maMonHoc": "BAS1105M",
            "dienGiai": "Giáo dục quốc phòng",
            "daThu": "3,600,000"
          },
          {
            "stt": "2",
            "maMonHoc": "BAS1106",
            "dienGiai": "Giáo dục thể chất 1",
            "daThu": "960,000"
          },
          {
            "stt": "3",
            "maMonHoc": "BAS1107",
            "dienGiai": "Giáo dục thể chất 2",
            "daThu": "240,000"
          },
          {
            "stt": "4",
            "maMonHoc": "BAS1150",
            "dienGiai": "Triết học Mác - Lênin",
            "daThu": "1,440,000"
          },
          {
            "stt": "5",
            "maMonHoc": "BAS1201",
            "dienGiai": "Đại số",
            "daThu": "1,440,000"
          },
          {
            "stt": "6",
            "maMonHoc": "BAS1203",
            "dienGiai": "Giải tích 1",
            "daThu": "1,440,000"
          },
          {
            "stt": "7",
            "maMonHoc": "INT1154",
            "dienGiai": "Tin học cơ sở 1",
            "daThu": "960,000"
          }
        ]
      },
      {
        "tableIndex": 3,
        "rows": []
      }
    ]
  },
  {
    "option": "Học kỳ 1 Năm học 2022-2023",
    "data": [
      {
        "tableIndex": 1,
        "rows": [
          {
            "stt": "1",
            "maMonHoc": "BAS1152",
            "dienGiai": "Chủ nghĩa xã hội khoa học",
            "hocLai": "",
            "soTCHP": "2",
            "soTien": "1,100,000",
            "mienGiam": "0",
            "phaiThu": "1,100,000"
          },
          {
            "stt": "2",
            "maMonHoc": "BAS1158",
            "dienGiai": "Tiếng Anh (Course 2)",
            "hocLai": "",
            "soTCHP": "4",
            "soTien": "2,200,000",
            "mienGiam": "0",
            "phaiThu": "2,200,000"
          },
          {
            "stt": "3",
            "maMonHoc": "BAS1227",
            "dienGiai": "Vật lý 3 và thí nghiệm",
            "hocLai": "",
            "soTCHP": "4",
            "soTien": "2,200,000",
            "mienGiam": "0",
            "phaiThu": "2,200,000"
          },
          {
            "stt": "4",
            "maMonHoc": "ELE1330",
            "dienGiai": "Xử lý tín hiệu số",
            "hocLai": "",
            "soTCHP": "2",
            "soTien": "1,100,000",
            "mienGiam": "0",
            "phaiThu": "1,100,000"
          },
          {
            "stt": "5",
            "maMonHoc": "INT1339",
            "dienGiai": "Ngôn ngữ lập trình C++",
            "hocLai": "",
            "soTCHP": "3",
            "soTien": "1,650,000",
            "mienGiam": "0",
            "phaiThu": "1,650,000"
          },
          {
            "stt": "6",
            "maMonHoc": "INT1358",
            "dienGiai": "Toán rời rạc 1",
            "hocLai": "",
            "soTCHP": "3",
            "soTien": "1,650,000",
            "mienGiam": "0",
            "phaiThu": "1,650,000"
          },
          {
            "stt": "7",
            "maMonHoc": "SKD1102",
            "dienGiai": "Kỹ năng làm việc nhóm",
            "hocLai": "",
            "soTCHP": "1",
            "soTien": "550,000",
            "mienGiam": "0",
            "phaiThu": "550,000"
          }
        ]
      },
      {
        "tableIndex": 2,
        "rows": [
          {
            "stt": "Số phiếu: - Ngày: 10/5/2022 12:00:00 AM - Số tiền: 10450000"
          },
          {
            "stt": "1",
            "maMonHoc": "BAS1107",
            "dienGiai": "Giáo dục thể chất 2",
            "daThu": "720,000"
          },
          {
            "stt": "2",
            "maMonHoc": "BAS1151",
            "dienGiai": "Kinh tế chính trị Mác- Lênin",
            "daThu": "960,000"
          },
          {
            "stt": "3",
            "maMonHoc": "BAS1157",
            "dienGiai": "Tiếng Anh (Course 1)",
            "daThu": "1,920,000"
          },
          {
            "stt": "4",
            "maMonHoc": "BAS1158",
            "dienGiai": "Tiếng Anh (Course 2)",
            "daThu": "610,000"
          },
          {
            "stt": "5",
            "maMonHoc": "BAS1204",
            "dienGiai": "Giải tích 2",
            "daThu": "1,440,000"
          },
          {
            "stt": "6",
            "maMonHoc": "BAS1224",
            "dienGiai": "Vật lý 1 và thí nghiệm",
            "daThu": "1,920,000"
          },
          {
            "stt": "7",
            "maMonHoc": "BAS1226",
            "dienGiai": "Xác suất thống kê",
            "daThu": "960,000"
          },
          {
            "stt": "8",
            "maMonHoc": "ELE1433",
            "dienGiai": "Kỹ thuật số",
            "daThu": "960,000"
          },
          {
            "stt": "9",
            "maMonHoc": "INT1155",
            "dienGiai": "Tin học cơ sở 2",
            "daThu": "960,000"
          }
        ]
      },
      {
        "tableIndex": 3,
        "rows": []
      }
    ]
  },
  {
    "option": "Học kỳ 2 Năm học 2022-2023",
    "data": [
      {
        "tableIndex": 1,
        "rows": [
          {
            "stt": "1",
            "maMonHoc": "",
            "dienGiai": "Thu bổ sung mức học phí kỳ 1 năm học 2022-2023",
            "hocLai": "",
            "soTCHP": "0",
            "soTien": "475,000",
            "mienGiam": "0",
            "phaiThu": "475,000"
          },
          {
            "stt": "2",
            "maMonHoc": "BAS1122",
            "dienGiai": "Tư tưởng Hồ Chí Minh",
            "hocLai": "",
            "soTCHP": "2",
            "soTien": "1,150,000",
            "mienGiam": "0",
            "phaiThu": "1,150,000"
          },
          {
            "stt": "3",
            "maMonHoc": "BAS1159",
            "dienGiai": "Tiếng Anh (Course 3)",
            "hocLai": "",
            "soTCHP": "4",
            "soTien": "2,300,000",
            "mienGiam": "0",
            "phaiThu": "2,300,000"
          },
          {
            "stt": "4",
            "maMonHoc": "ELE1319",
            "dienGiai": "Lý thuyết thông tin",
            "hocLai": "",
            "soTCHP": "3",
            "soTien": "1,725,000",
            "mienGiam": "0",
            "phaiThu": "1,725,000"
          },
          {
            "stt": "5",
            "maMonHoc": "INT1306",
            "dienGiai": "Cấu trúc dữ liệu và giải thuật",
            "hocLai": "",
            "soTCHP": "3",
            "soTien": "1,725,000",
            "mienGiam": "0",
            "phaiThu": "1,725,000"
          },
          {
            "stt": "6",
            "maMonHoc": "INT13145",
            "dienGiai": "Kiến trúc máy tính",
            "hocLai": "",
            "soTCHP": "3",
            "soTien": "1,725,000",
            "mienGiam": "0",
            "phaiThu": "1,725,000"
          },
          {
            "stt": "7",
            "maMonHoc": "INT1359",
            "dienGiai": "Toán rời rạc 2",
            "hocLai": "",
            "soTCHP": "3",
            "soTien": "1,725,000",
            "mienGiam": "0",
            "phaiThu": "1,725,000"
          },
          {
            "stt": "8",
            "maMonHoc": "SKD1103",
            "dienGiai": "Kỹ năng tạo lập Văn bản",
            "hocLai": "",
            "soTCHP": "1",
            "soTien": "575,000",
            "mienGiam": "0",
            "phaiThu": "575,000"
          }
        ]
      },
      {
        "tableIndex": 2,
        "rows": [
          {
            "stt": "Số phiếu: - Ngày: 4/13/2023 12:00:00 AM - Số tiền: 10450000"
          },
          {
            "stt": "1",
            "maMonHoc": "BAS1152",
            "dienGiai": "Chủ nghĩa xã hội khoa học",
            "daThu": "1,100,000"
          },
          {
            "stt": "2",
            "maMonHoc": "BAS1158",
            "dienGiai": "Tiếng Anh (Course 2)",
            "daThu": "1,115,000"
          },
          {
            "stt": "3",
            "maMonHoc": "BAS1227",
            "dienGiai": "Vật lý 3 và thí nghiệm",
            "daThu": "2,200,000"
          },
          {
            "stt": "4",
            "maMonHoc": "ELE1330",
            "dienGiai": "Xử lý tín hiệu số",
            "daThu": "1,100,000"
          },
          {
            "stt": "5",
            "maMonHoc": "INT13145",
            "dienGiai": "Kiến trúc máy tính",
            "daThu": "1,085,000"
          },
          {
            "stt": "6",
            "maMonHoc": "INT1339",
            "dienGiai": "Ngôn ngữ lập trình C++",
            "daThu": "1,650,000"
          },
          {
            "stt": "7",
            "maMonHoc": "INT1358",
            "dienGiai": "Toán rời rạc 1",
            "daThu": "1,650,000"
          },
          {
            "stt": "8",
            "maMonHoc": "SKD1102",
            "dienGiai": "Kỹ năng làm việc nhóm",
            "daThu": "550,000"
          },
          {
            "stt": "Số phiếu: 00022149 - Ngày: 6/30/2023 12:00:00 AM - Số tiền: 475000"
          },
          {
            "stt": "1",
            "maMonHoc": "INT13145",
            "dienGiai": "Kiến trúc máy tính",
            "daThu": "475,000"
          },
          {
            "stt": "Số phiếu: 0004653 - Ngày: 3/17/2023 12:00:00 AM - Số tiền: 475000"
          },
          {
            "stt": "1",
            "maMonHoc": "BAS1158",
            "dienGiai": "Tiếng Anh (Course 2)",
            "daThu": "475,000"
          }
        ]
      },
      {
        "tableIndex": 3,
        "rows": []
      }
    ]
  },
  {
    "option": "Học kỳ 1 Năm học 2023-2024",
    "data": [
      {
        "tableIndex": 1,
        "rows": [
          {
            "stt": "1",
            "maMonHoc": "BAS1153",
            "dienGiai": "Lịch sử Đảng cộng sản Việt Nam",
            "hocLai": "",
            "soTCHP": "2",
            "soTien": "1,260,000",
            "mienGiam": "0",
            "phaiThu": "1,260,000"
          },
          {
            "stt": "2",
            "maMonHoc": "BAS1160",
            "dienGiai": "Tiếng Anh (Course 3 Plus)",
            "hocLai": "",
            "soTCHP": "2",
            "soTien": "1,260,000",
            "mienGiam": "0",
            "phaiThu": "1,260,000"
          },
          {
            "stt": "3",
            "maMonHoc": "INT1313",
            "dienGiai": "Cơ sở dữ liệu",
            "hocLai": "",
            "soTCHP": "3",
            "soTien": "1,890,000",
            "mienGiam": "0",
            "phaiThu": "1,890,000"
          },
          {
            "stt": "4",
            "maMonHoc": "INT13162",
            "dienGiai": "Lập trình với Python",
            "hocLai": "",
            "soTCHP": "3",
            "soTien": "1,890,000",
            "mienGiam": "0",
            "phaiThu": "1,890,000"
          },
          {
            "stt": "5",
            "maMonHoc": "INT1319",
            "dienGiai": "Hệ điều hành",
            "hocLai": "",
            "soTCHP": "3",
            "soTien": "1,890,000",
            "mienGiam": "0",
            "phaiThu": "1,890,000"
          },
          {
            "stt": "6",
            "maMonHoc": "INT1332",
            "dienGiai": "Lập trình hướng đối tượng",
            "hocLai": "",
            "soTCHP": "3",
            "soTien": "1,890,000",
            "mienGiam": "0",
            "phaiThu": "1,890,000"
          },
          {
            "stt": "7",
            "maMonHoc": "INT1336",
            "dienGiai": "Mạng máy tính",
            "hocLai": "",
            "soTCHP": "3",
            "soTien": "1,890,000",
            "mienGiam": "0",
            "phaiThu": "1,890,000"
          }
        ]
      },
      {
        "tableIndex": 2,
        "rows": [
          {
            "stt": "Số phiếu: - Ngày: 10/19/2023 12:00:00 AM - Số tiền: 11970000"
          },
          {
            "stt": "1",
            "maMonHoc": "",
            "dienGiai": "Thu bổ sung mức học phí kỳ 1 năm học 2022-2023",
            "daThu": "475,000"
          },
          {
            "stt": "2",
            "maMonHoc": "BAS1122",
            "dienGiai": "Tư tưởng Hồ Chí Minh",
            "daThu": "1,150,000"
          },
          {
            "stt": "3",
            "maMonHoc": "BAS1159",
            "dienGiai": "Tiếng Anh (Course 3)",
            "daThu": "2,300,000"
          },
          {
            "stt": "4",
            "maMonHoc": "ELE1319",
            "dienGiai": "Lý thuyết thông tin",
            "daThu": "1,725,000"
          },
          {
            "stt": "5",
            "maMonHoc": "INT1306",
            "dienGiai": "Cấu trúc dữ liệu và giải thuật",
            "daThu": "1,725,000"
          },
          {
            "stt": "6",
            "maMonHoc": "INT1313",
            "dienGiai": "Cơ sở dữ liệu",
            "daThu": "1,890,000"
          },
          {
            "stt": "7",
            "maMonHoc": "INT13145",
            "dienGiai": "Kiến trúc máy tính",
            "daThu": "165,000"
          },
          {
            "stt": "8",
            "maMonHoc": "INT13162",
            "dienGiai": "Lập trình với Python",
            "daThu": "240,000"
          },
          {
            "stt": "9",
            "maMonHoc": "INT1359",
            "dienGiai": "Toán rời rạc 2",
            "daThu": "1,725,000"
          },
          {
            "stt": "10",
            "maMonHoc": "SKD1103",
            "dienGiai": "Kỹ năng tạo lập Văn bản",
            "daThu": "575,000"
          }
        ]
      },
      {
        "tableIndex": 3,
        "rows": []
      }
    ]
  },
  {
    "option": "Học kỳ 2 Năm học 2023-2024",
    "data": [
      {
        "tableIndex": 1,
        "rows": [
          {
            "stt": "1",
            "maMonHoc": "INT1303",
            "dienGiai": "An toàn và bảo mật hệ thống thông tin",
            "hocLai": "",
            "soTCHP": "3",
            "soTien": "1,890,000",
            "mienGiam": "0",
            "phaiThu": "1,890,000"
          },
          {
            "stt": "2",
            "maMonHoc": "INT13147",
            "dienGiai": "Thực tập cơ sở",
            "hocLai": "",
            "soTCHP": "3",
            "soTien": "1,890,000",
            "mienGiam": "0",
            "phaiThu": "1,890,000"
          },
          {
            "stt": "3",
            "maMonHoc": "INT1340",
            "dienGiai": "Nhập môn công nghệ phần mềm",
            "hocLai": "",
            "soTCHP": "3",
            "soTien": "1,890,000",
            "mienGiam": "0",
            "phaiThu": "1,890,000"
          },
          {
            "stt": "4",
            "maMonHoc": "INT1341",
            "dienGiai": "Nhập môn trí tuệ nhân tạo",
            "hocLai": "",
            "soTCHP": "3",
            "soTien": "1,890,000",
            "mienGiam": "0",
            "phaiThu": "1,890,000"
          },
          {
            "stt": "5",
            "maMonHoc": "INT14148",
            "dienGiai": "Cơ sở dữ liệu phân tán",
            "hocLai": "",
            "soTCHP": "3",
            "soTien": "1,890,000",
            "mienGiam": "0",
            "phaiThu": "1,890,000"
          },
          {
            "stt": "6",
            "maMonHoc": "INT1434",
            "dienGiai": "Lập trình Web",
            "hocLai": "",
            "soTCHP": "3",
            "soTien": "1,890,000",
            "mienGiam": "0",
            "phaiThu": "1,890,000"
          },
          {
            "stt": "7",
            "maMonHoc": "SKD1101",
            "dienGiai": "Kỹ năng thuyết trình",
            "hocLai": "",
            "soTCHP": "1",
            "soTien": "630,000",
            "mienGiam": "0",
            "phaiThu": "630,000"
          }
        ]
      },
      {
        "tableIndex": 2,
        "rows": [
          {
            "stt": "Số phiếu: - Ngày: 4/17/2024 12:00:00 AM - Số tiền: 11970000"
          },
          {
            "stt": "1",
            "maMonHoc": "BAS1153",
            "dienGiai": "Lịch sử Đảng cộng sản Việt Nam",
            "daThu": "1,260,000"
          },
          {
            "stt": "2",
            "maMonHoc": "BAS1160",
            "dienGiai": "Tiếng Anh (Course 3 Plus)",
            "daThu": "1,260,000"
          },
          {
            "stt": "3",
            "maMonHoc": "INT13162",
            "dienGiai": "Lập trình với Python",
            "daThu": "1,650,000"
          },
          {
            "stt": "4",
            "maMonHoc": "INT1319",
            "dienGiai": "Hệ điều hành",
            "daThu": "1,890,000"
          },
          {
            "stt": "5",
            "maMonHoc": "INT1332",
            "dienGiai": "Lập trình hướng đối tượng",
            "daThu": "1,890,000"
          },
          {
            "stt": "6",
            "maMonHoc": "INT1336",
            "dienGiai": "Mạng máy tính",
            "daThu": "1,890,000"
          },
          {
            "stt": "7",
            "maMonHoc": "INT1341",
            "dienGiai": "Nhập môn trí tuệ nhân tạo",
            "daThu": "240,000"
          },
          {
            "stt": "8",
            "maMonHoc": "INT1434",
            "dienGiai": "Lập trình Web",
            "daThu": "1,890,000"
          }
        ]
      },
      {
        "tableIndex": 3,
        "rows": []
      }
    ]
  },
  {
    "option": "Học kỳ 3 Năm học 2023-2024",
    "data": [
      {
        "tableIndex": 1,
        "rows": [
          {
            "stt": "1",
            "maMonHoc": "INT1332",
            "dienGiai": "Lập trình hướng đối tượng",
            "hocLai": "",
            "soTCHP": "3",
            "soTien": "2,700,000",
            "mienGiam": "0",
            "phaiThu": "2,700,000"
          }
        ]
      },
      {
        "tableIndex": 2,
        "rows": [
          {
            "stt": "Số phiếu: - Ngày: 7/25/2024 12:00:00 AM - Số tiền: 2700000"
          },
          {
            "stt": "1",
            "maMonHoc": "INT1332",
            "dienGiai": "Lập trình hướng đối tượng",
            "daThu": "2,700,000"
          }
        ]
      },
      {
        "tableIndex": 3,
        "rows": []
      }
    ]
  },
  {
    "option": "Học kỳ 1 Năm học 2024-2025",
    "data": [
      {
        "tableIndex": 1,
        "rows": [
          {
            "stt": "1",
            "maMonHoc": "INT13146",
            "dienGiai": "Xử lý ảnh",
            "hocLai": "",
            "soTCHP": "3",
            "soTien": "1,890,000",
            "mienGiam": "0",
            "phaiThu": "1,890,000"
          },
          {
            "stt": "2",
            "maMonHoc": "INT1342M",
            "dienGiai": "Phân tích và thiết kế hệ thống thông tin",
            "hocLai": "",
            "soTCHP": "3",
            "soTien": "1,890,000",
            "mienGiam": "0",
            "phaiThu": "1,890,000"
          },
          {
            "stt": "3",
            "maMonHoc": "INT14149",
            "dienGiai": "IoT và ứng dụng",
            "hocLai": "",
            "soTCHP": "3",
            "soTien": "1,890,000",
            "mienGiam": "0",
            "phaiThu": "1,890,000"
          },
          {
            "stt": "4",
            "maMonHoc": "INT14150",
            "dienGiai": "Nhập môn khoa học dữ liệu",
            "hocLai": "",
            "soTCHP": "3",
            "soTien": "1,890,000",
            "mienGiam": "0",
            "phaiThu": "1,890,000"
          },
          {
            "stt": "5",
            "maMonHoc": "INT1433",
            "dienGiai": "Lập trình mạng",
            "hocLai": "",
            "soTCHP": "3",
            "soTien": "1,890,000",
            "mienGiam": "0",
            "phaiThu": "1,890,000"
          },
          {
            "stt": "6",
            "maMonHoc": "INT1450",
            "dienGiai": "Quản lý dự án phần mềm",
            "hocLai": "",
            "soTCHP": "2",
            "soTien": "1,260,000",
            "mienGiam": "0",
            "phaiThu": "1,260,000"
          },
          {
            "stt": "7",
            "maMonHoc": "SKD1108",
            "dienGiai": "Phương pháp luận nghiên cứu khoa học",
            "hocLai": "",
            "soTCHP": "2",
            "soTien": "1,260,000",
            "mienGiam": "0",
            "phaiThu": "1,260,000"
          }
        ]
      },
      {
        "tableIndex": 2,
        "rows": [
          {
            "stt": "Không tìm thấy dữ liệu"
          }
        ]
      },
      {
        "tableIndex": 3,
        "rows": []
      }
    ]
  }
]