{
  "Học kỳ 1 Năm học 2024-2025": [],
  "Học kỳ 3 Năm học 2023-2024": [
    {
      "stt": "1",
      "maMH": "INT1332",
      "tenMH": "Lập trình hướng đối tượng",
      "siSo": "38",
      "ngay": "10/08/2024",
      "gio": "13:30",
      "phut": "120",
      "phong": "511-A3",
      "coSo": "",
      "hinhThuc": "Thực hành (Phòng máy)"
    }
  ],
  "Học kỳ 2 Năm học 2023-2024": [
    {
      "stt": "1",
      "maMH": "SKD1101",
      "tenMH": "Kỹ năng thuyết trình",
      "siSo": "74",
      "ngay": "26/05/2024",
      "gio": "10:00",
      "phut": "120",
      "phong": "",
      "coSo": "",
      "hinhThuc": "Bài tập lớn"
    },
    {
      "stt": "2",
      "maMH": "INT13147",
      "tenMH": "Thực tập cơ sở",
      "siSo": "20",
      "ngay": "28/05/2024",
      "gio": "13:30",
      "phut": "120",
      "phong": "",
      "coSo": "",
      "hinhThuc": "Ttiểu luận"
    },
    {
      "stt": "3",
      "maMH": "INT14148",
      "tenMH": "Cơ sở dữ liệu phân tán",
      "siSo": "37",
      "ngay": "01/06/2024",
      "gio": "08:00",
      "phut": "120",
      "phong": "507_2-A3",
      "coSo": "",
      "hinhThuc": "Thực hành (Phòng máy)"
    },
    {
      "stt": "4",
      "maMH": "INT1341",
      "tenMH": "Nhập môn trí tuệ nhân tạo",
      "siSo": "39",
      "ngay": "07/06/2024",
      "gio": "10:00",
      "phut": "120",
      "phong": "101-A2",
      "coSo": "",
      "hinhThuc": "Tự luận"
    },
    {
      "stt": "5",
      "maMH": "INT1434",
      "tenMH": "Lập trình Web",
      "siSo": "37",
      "ngay": "11/06/2024",
      "gio": "15:30",
      "phut": "120",
      "phong": "503-A3",
      "coSo": "",
      "hinhThuc": "Thực hành (Phòng máy)"
    },
    {
      "stt": "6",
      "maMH": "INT1303",
      "tenMH": "An toàn và bảo mật hệ thống thông tin",
      "siSo": "37",
      "ngay": "13/06/2024",
      "gio": "17:30",
      "phut": "120",
      "phong": "603B-A3",
      "coSo": "",
      "hinhThuc": "Thực hành (Phòng máy)"
    },
    {
      "stt": "7",
      "maMH": "INT1340",
      "tenMH": "Nhập môn công nghệ phần mềm",
      "siSo": "36",
      "ngay": "18/06/2024",
      "gio": "10:00",
      "phut": "120",
      "phong": "509-A3",
      "coSo": "",
      "hinhThuc": "Thực hành (Phòng máy)"
    }
  ],
  "Học kỳ 1 Năm học 2023-2024": [
    {
      "stt": "1",
      "maMH": "BAS1153",
      "tenMH": "Lịch sử Đảng cộng sản Việt Nam",
      "siSo": "41",
      "ngay": "13/12/2023",
      "gio": "17:50",
      "phut": "60",
      "phong": "603B-A3",
      "coSo": "",
      "hinhThuc": "Trắc nghiệm"
    },
    {
      "stt": "2",
      "maMH": "INT13162",
      "tenMH": "Lập trình với Python",
      "siSo": "37",
      "ngay": "17/12/2023",
      "gio": "15:30",
      "phut": "120",
      "phong": "",
      "coSo": "",
      "hinhThuc": "Thực hành (Phòng máy)"
    },
    {
      "stt": "3",
      "maMH": "INT1332",
      "tenMH": "Lập trình hướng đối tượng",
      "siSo": "66",
      "ngay": "19/12/2023",
      "gio": "09:00",
      "phut": "60",
      "phong": "",
      "coSo": "",
      "hinhThuc": "Thực hành (Phòng máy)"
    },
    {
      "stt": "4",
      "maMH": "INT1336",
      "tenMH": "Mạng máy tính",
      "siSo": "39",
      "ngay": "22/12/2023",
      "gio": "17:50",
      "phut": "120",
      "phong": "609-A3",
      "coSo": "",
      "hinhThuc": "Thực hành (Phòng máy)"
    },
    {
      "stt": "5",
      "maMH": "INT1319",
      "tenMH": "Hệ điều hành",
      "siSo": "39",
      "ngay": "25/12/2023",
      "gio": "08:00",
      "phut": "120",
      "phong": "201A-A3",
      "coSo": "",
      "hinhThuc": "Tự luận"
    },
    {
      "stt": "6",
      "maMH": "BAS1160",
      "tenMH": "Tiếng Anh (Course 3 Plus)",
      "siSo": "37",
      "ngay": "27/12/2023",
      "gio": "15:30",
      "phut": "120",
      "phong": "G03-A2",
      "coSo": "",
      "hinhThuc": "Tự luận"
    },
    {
      "stt": "7",
      "maMH": "INT1313",
      "tenMH": "Cơ sở dữ liệu",
      "siSo": "38",
      "ngay": "05/01/2024",
      "gio": "08:00",
      "phut": "120",
      "phong": "603B-A3",
      "coSo": "",
      "hinhThuc": "Thực hành (Phòng máy)"
    }
  ],
  "Học kỳ 3 Năm học 2022-2023": [],
  "Học kỳ 2 Năm học 2022-2023": [
    {
      "stt": "1",
      "maMH": "SKD1103",
      "tenMH": "Kỹ năng tạo lập Văn bản",
      "siSo": "74",
      "ngay": "29/05/2023",
      "gio": "15:30",
      "phut": "120",
      "phong": "",
      "coSo": "",
      "hinhThuc": "Bài tập lớn"
    },
    {
      "stt": "2",
      "maMH": "ELE1319",
      "tenMH": "Lý thuyết thông tin",
      "siSo": "26",
      "ngay": "02/06/2023",
      "gio": "13:30",
      "phut": "120",
      "phong": "602-A2",
      "coSo": "",
      "hinhThuc": "Tự luận"
    },
    {
      "stt": "3",
      "maMH": "INT1359",
      "tenMH": "Toán rời rạc 2",
      "siSo": "27",
      "ngay": "06/06/2023",
      "gio": "15:30",
      "phut": "120",
      "phong": "703-A2",
      "coSo": "",
      "hinhThuc": "Tự luận"
    },
    {
      "stt": "4",
      "maMH": "BAS1122",
      "tenMH": "Tư tưởng Hồ Chí Minh",
      "siSo": "28",
      "ngay": "09/06/2023",
      "gio": "13:30",
      "phut": "120",
      "phong": "305-A2",
      "coSo": "",
      "hinhThuc": "Tự luận"
    },
    {
      "stt": "5",
      "maMH": "INT1306",
      "tenMH": "Cấu trúc dữ liệu và giải thuật",
      "siSo": "68",
      "ngay": "13/06/2023",
      "gio": "14:30",
      "phut": "60",
      "phong": "",
      "coSo": "",
      "hinhThuc": "Thực hành (Phòng máy)"
    },
    {
      "stt": "6",
      "maMH": "BAS1159",
      "tenMH": "Tiếng Anh (Course 3)",
      "siSo": "30",
      "ngay": "18/06/2023",
      "gio": "08:00",
      "phut": "120",
      "phong": "503-A2",
      "coSo": "",
      "hinhThuc": "Tự luận"
    },
    {
      "stt": "7",
      "maMH": "BAS1159",
      "tenMH": "Tiếng Anh (Course 3)",
      "siSo": "30",
      "ngay": "20/06/2023",
      "gio": "10:00",
      "phut": "120",
      "phong": "G04-A2",
      "coSo": "HN",
      "hinhThuc": "Vấn đáp"
    },
    {
      "stt": "8",
      "maMH": "INT13145",
      "tenMH": "Kiến trúc máy tính",
      "siSo": "37",
      "ngay": "23/06/2023",
      "gio": "15:30",
      "phut": "120",
      "phong": "201-A2",
      "coSo": "",
      "hinhThuc": "Tự luận"
    }
  ],
  "Học kỳ 1 Năm học 2022-2023": [
    {
      "stt": "1",
      "maMH": "SKD1102",
      "tenMH": "Kỹ năng làm việc nhóm",
      "siSo": "74",
      "ngay": "12/12/2022",
      "gio": "13:30",
      "phut": "120",
      "phong": "",
      "coSo": "",
      "hinhThuc": "Bài tập lớn"
    },
    {
      "stt": "2",
      "maMH": "ELE1330",
      "tenMH": "Xử lý tín hiệu số",
      "siSo": "25",
      "ngay": "13/12/2022",
      "gio": "08:00",
      "phut": "120",
      "phong": "501-A2",
      "coSo": "",
      "hinhThuc": "Tự luận"
    },
    {
      "stt": "3",
      "maMH": "INT1339",
      "tenMH": "Ngôn ngữ lập trình C++",
      "siSo": "37",
      "ngay": "15/12/2022",
      "gio": "13:30",
      "phut": "120",
      "phong": "",
      "coSo": "",
      "hinhThuc": "Thực hành (Phòng máy)"
    },
    {
      "stt": "4",
      "maMH": "BAS1152",
      "tenMH": "Chủ nghĩa xã hội khoa học",
      "siSo": "29",
      "ngay": "20/12/2022",
      "gio": "13:30",
      "phut": "120",
      "phong": "201B-A3",
      "coSo": "",
      "hinhThuc": "Tự luận"
    },
    {
      "stt": "5",
      "maMH": "BAS1158",
      "tenMH": "Tiếng Anh (Course 2)",
      "siSo": "34",
      "ngay": "22/12/2022",
      "gio": "08:00",
      "phut": "120",
      "phong": "G06-A2",
      "coSo": "HN",
      "hinhThuc": "Vấn đáp"
    },
    {
      "stt": "6",
      "maMH": "BAS1158",
      "tenMH": "Tiếng Anh (Course 2)",
      "siSo": "34",
      "ngay": "25/12/2022",
      "gio": "13:30",
      "phut": "120",
      "phong": "301-A2",
      "coSo": "",
      "hinhThuc": "Tự luận"
    },
    {
      "stt": "7",
      "maMH": "BAS1227",
      "tenMH": "Vật lý 3 và thí nghiệm",
      "siSo": "26",
      "ngay": "28/12/2022",
      "gio": "10:00",
      "phut": "120",
      "phong": "402-A2",
      "coSo": "",
      "hinhThuc": "Tự luận"
    },
    {
      "stt": "8",
      "maMH": "INT1358",
      "tenMH": "Toán rời rạc 1",
      "siSo": "37",
      "ngay": "04/01/2023",
      "gio": "08:00",
      "phut": "120",
      "phong": "701-A2",
      "coSo": "",
      "hinhThuc": "Tự luận"
    }
  ],
  "Học kỳ 3 Năm học 2021-2022": [],
  "Học kỳ 2 Năm học 2021-2022": [
    {
      "stt": "1",
      "maMH": "INT1155",
      "tenMH": "Tin học cơ sở 2",
      "siSo": "71",
      "ngay": "",
      "gio": "",
      "phut": "0",
      "phong": "",
      "coSo": "",
      "hinhThuc": "Thực hành (Phòng máy)"
    },
    {
      "stt": "2",
      "maMH": "BAS1107",
      "tenMH": "Giáo dục thể chất 2",
      "siSo": "30",
      "ngay": "04/06/2022",
      "gio": "13:30",
      "phut": "120",
      "phong": "SAN-B1",
      "coSo": "",
      "hinhThuc": "Thực hành"
    },
    {
      "stt": "3",
      "maMH": "ELE1433",
      "tenMH": "Kỹ thuật số",
      "siSo": "27",
      "ngay": "15/06/2022",
      "gio": "13:30",
      "phut": "120",
      "phong": "503-A2",
      "coSo": "",
      "hinhThuc": "Tự luận"
    },
    {
      "stt": "4",
      "maMH": "BAS1157",
      "tenMH": "Tiếng Anh (Course 1)",
      "siSo": "38",
      "ngay": "17/06/2022",
      "gio": "08:00",
      "phut": "120",
      "phong": "205-A2",
      "coSo": "",
      "hinhThuc": "Vấn đáp"
    },
    {
      "stt": "5",
      "maMH": "BAS1157",
      "tenMH": "Tiếng Anh (Course 1)",
      "siSo": "38",
      "ngay": "19/06/2022",
      "gio": "16:30",
      "phut": "120",
      "phong": "201-A2",
      "coSo": "",
      "hinhThuc": "Tự luận"
    },
    {
      "stt": "6",
      "maMH": "BAS1226",
      "tenMH": "Xác suất thống kê",
      "siSo": "29",
      "ngay": "22/06/2022",
      "gio": "13:30",
      "phut": "120",
      "phong": "304-A2",
      "coSo": "",
      "hinhThuc": "Tự luận"
    },
    {
      "stt": "7",
      "maMH": "BAS1151",
      "tenMH": "Kinh tế chính trị Mác- Lênin",
      "siSo": "31",
      "ngay": "25/06/2022",
      "gio": "17:30",
      "phut": "120",
      "phong": "202-A2",
      "coSo": "",
      "hinhThuc": "Tự luận"
    },
    {
      "stt": "8",
      "maMH": "BAS1224",
      "tenMH": "Vật lý 1 và thí nghiệm",
      "siSo": "29",
      "ngay": "29/06/2022",
      "gio": "08:00",
      "phut": "120",
      "phong": "201-A2",
      "coSo": "",
      "hinhThuc": "Tự luận"
    },
    {
      "stt": "9",
      "maMH": "BAS1204",
      "tenMH": "Giải tích 2",
      "siSo": "30",
      "ngay": "02/07/2022",
      "gio": "17:30",
      "phut": "120",
      "phong": "403-A2",
      "coSo": "",
      "hinhThuc": "Tự luận"
    }
  ],
  "Học kỳ 1 Năm học 2021-2022": [
    {
      "stt": "1",
      "maMH": "BAS1150",
      "tenMH": "Triết học Mác - Lênin",
      "siSo": "126",
      "ngay": "09/01/2022",
      "gio": "15:30",
      "phut": "120",
      "phong": "70276",
      "coSo": "HN",
      "hinhThuc": "Ttiểu luận"
    },
    {
      "stt": "2",
      "maMH": "BAS1201",
      "tenMH": "Đại số",
      "siSo": "64",
      "ngay": "11/01/2022",
      "gio": "13:30",
      "phut": "120",
      "phong": "70315",
      "coSo": "HN",
      "hinhThuc": "Thi viết + Vấn đáp trực tuyến"
    },
    {
      "stt": "3",
      "maMH": "INT1154",
      "tenMH": "Tin học cơ sở 1",
      "siSo": "62",
      "ngay": "15/01/2022",
      "gio": "13:30",
      "phut": "120",
      "phong": "70278",
      "coSo": "HN",
      "hinhThuc": "Vấn đáp trực tuyến"
    },
    {
      "stt": "4",
      "maMH": "BAS1203",
      "tenMH": "Giải tích 1",
      "siSo": "62",
      "ngay": "18/01/2022",
      "gio": "08:00",
      "phut": "120",
      "phong": "71435",
      "coSo": "HN",
      "hinhThuc": "Thi viết + Vấn đáp trực tuyến"
    },
    {
      "stt": "5",
      "maMH": "BAS1106",
      "tenMH": "Giáo dục thể chất 1",
      "siSo": "64",
      "ngay": "20/01/2022",
      "gio": "10:00",
      "phut": "120",
      "phong": "70226",
      "coSo": "HN",
      "hinhThuc": "Bài tập lớn"
    }
  ],
  "Học kỳ 3 Năm học 2020-2021": []
}