[
  {
    "stt": "1",
    "maMonDangKy": "BSA1304",
    "tenMonDangKy": "Đàm phán kinh doanh",
    "maMonYeuCau": "BSA1443",
    "tenMonYeuCau": "Thực tập",
    "heDaoTao": "",
    "nganh": "",
    "khoi": ""
  },
  {
    "stt": "2",
    "maMonDangKy": "BSA1305",
    "tenMonDangKy": "Đạo đức kinh doanh và văn hóa doanh nghiệp",
    "maMonYeuCau": "BSA1443",
    "tenMonYeuCau": "Thực tập",
    "heDaoTao": "",
    "nganh": "",
    "khoi": ""
  },
  {
    "stt": "3",
    "maMonDangKy": "BSA1334",
    "tenMonDangKy": "Quản trị thương hiệu",
    "maMonYeuCau": "BSA1443",
    "tenMonYeuCau": "Thực tập",
    "heDaoTao": "",
    "nganh": "",
    "khoi": ""
  },
  {
    "stt": "4",
    "maMonDangKy": "BSA1444",
    "tenMonDangKy": "Khóa luận tốt nghiệp",
    "maMonYeuCau": "BSA1443",
    "tenMonYeuCau": "Thực tập",
    "heDaoTao": "",
    "nganh": "",
    "khoi": ""
  },
  {
    "stt": "5",
    "maMonDangKy": "BSA1462",
    "tenMonDangKy": "Truyền thông thương hiệu trong môi trường trực tuyến",
    "maMonYeuCau": "BSA1443",
    "tenMonYeuCau": "Thực tập",
    "heDaoTao": "",
    "nganh": "",
    "khoi": ""
  },
  {
    "stt": "6",
    "maMonDangKy": "BSA1463",
    "tenMonDangKy": "Chính phủ điện tử",
    "maMonYeuCau": "BSA1443",
    "tenMonYeuCau": "Thực tập",
    "heDaoTao": "",
    "nganh": "",
    "khoi": ""
  },
  {
    "stt": "7",
    "maMonDangKy": "BSA1468",
    "tenMonDangKy": "Quản trị đổi mới sáng tạo",
    "maMonYeuCau": "BSA1443",
    "tenMonYeuCau": "Thực tập",
    "heDaoTao": "",
    "nganh": "",
    "khoi": ""
  },
  {
    "stt": "8",
    "maMonDangKy": "BSA2018",
    "tenMonDangKy": "Khóa luận tốt nghiệp",
    "maMonYeuCau": "BSA1443",
    "tenMonYeuCau": "Thực tập",
    "heDaoTao": "",
    "nganh": "",
    "khoi": ""
  },
  {
    "stt": "9",
    "maMonDangKy": "ELE1437",
    "tenMonDangKy": "Đồ án tốt nghiệp",
    "maMonYeuCau": "ELE2019",
    "tenMonYeuCau": "Thực tập tốt nghiệp",
    "heDaoTao": "",
    "nganh": "",
    "khoi": ""
  },
  {
    "stt": "10",
    "maMonDangKy": "ELE1438",
    "tenMonDangKy": "Xử lý tín hiệu trong hệ thống truyền thông",
    "maMonYeuCau": "ELE1436",
    "tenMonYeuCau": "Thực tập",
    "heDaoTao": "",
    "nganh": "",
    "khoi": ""
  },
  {
    "stt": "11",
    "maMonDangKy": "ELE1439",
    "tenMonDangKy": "Xây dựng hệ thống số",
    "maMonYeuCau": "ELE1436",
    "tenMonYeuCau": "Thực tập",
    "heDaoTao": "",
    "nganh": "",
    "khoi": ""
  },
  {
    "stt": "12",
    "maMonDangKy": "ELE1497",
    "tenMonDangKy": "Xây dựng hệ thống số",
    "maMonYeuCau": "ELE2019",
    "tenMonYeuCau": "Thực tập tốt nghiệp",
    "heDaoTao": "",
    "nganh": "",
    "khoi": ""
  },
  {
    "stt": "13",
    "maMonDangKy": "ELE1498",
    "tenMonDangKy": "Xử lý tín hiệu trong hệ thống truyền thông",
    "maMonYeuCau": "ELE2019",
    "tenMonYeuCau": "Thực tập tốt nghiệp",
    "heDaoTao": "",
    "nganh": "",
    "khoi": ""
  },
  {
    "stt": "14",
    "maMonDangKy": "EPT1416",
    "tenMonDangKy": "Khóa luận tốt nghiệp",
    "maMonYeuCau": "EPT1415",
    "tenMonYeuCau": "Thực tập",
    "heDaoTao": "",
    "nganh": "",
    "khoi": ""
  },
  {
    "stt": "15",
    "maMonDangKy": "FIA1405",
    "tenMonDangKy": "Kế toán công",
    "maMonYeuCau": "FIA1428",
    "tenMonYeuCau": "Thực tập tốt nghiệp",
    "heDaoTao": "",
    "nganh": "",
    "khoi": ""
  },
  {
    "stt": "16",
    "maMonDangKy": "FIA1406",
    "tenMonDangKy": "Kế toán doanh nghiệp bảo hiểm",
    "maMonYeuCau": "FIA1428",
    "tenMonYeuCau": "Thực tập tốt nghiệp",
    "heDaoTao": "",
    "nganh": "",
    "khoi": ""
  },
  {
    "stt": "17",
    "maMonDangKy": "FIA1408",
    "tenMonDangKy": "Kế toán ngân hàng thương mại",
    "maMonYeuCau": "FIA1428",
    "tenMonYeuCau": "Thực tập tốt nghiệp",
    "heDaoTao": "",
    "nganh": "",
    "khoi": ""
  },
  {
    "stt": "18",
    "maMonDangKy": "FIA1429",
    "tenMonDangKy": "Khóa luận tốt nghiệp",
    "maMonYeuCau": "FIA1428",
    "tenMonYeuCau": "Thực tập tốt nghiệp",
    "heDaoTao": "",
    "nganh": "",
    "khoi": ""
  },
  {
    "stt": "19",
    "maMonDangKy": "FIA1435",
    "tenMonDangKy": "Kế toán doanh nghiệp BCVT",
    "maMonYeuCau": "FIA1428",
    "tenMonYeuCau": "Thực tập tốt nghiệp",
    "heDaoTao": "",
    "nganh": "",
    "khoi": ""
  },
  {
    "stt": "20",
    "maMonDangKy": "FIA1436",
    "tenMonDangKy": "Kế toán doanh nghiệp vận tải",
    "maMonYeuCau": "FIA1428",
    "tenMonYeuCau": "Thực tập tốt nghiệp",
    "heDaoTao": "",
    "nganh": "",
    "khoi": ""
  },
  {
    "stt": "21",
    "maMonDangKy": "FIA1437",
    "tenMonDangKy": "Kế toán doanh nghiệp du lịch",
    "maMonYeuCau": "FIA1428",
    "tenMonYeuCau": "Thực tập tốt nghiệp",
    "heDaoTao": "",
    "nganh": "",
    "khoi": ""
  },
  {
    "stt": "22",
    "maMonDangKy": "INT14100",
    "tenMonDangKy": "An ninh mạng",
    "maMonYeuCau": "INT2019",
    "tenMonYeuCau": "Thực tập tốt nghiệp",
    "heDaoTao": "",
    "nganh": "",
    "khoi": ""
  },
  {
    "stt": "23",
    "maMonDangKy": "INT14100M",
    "tenMonDangKy": "Chuyên đề an ninh mạng",
    "maMonYeuCau": "INA2019",
    "tenMonYeuCau": "Thực tập tốt nghiệp",
    "heDaoTao": "",
    "nganh": "",
    "khoi": ""
  },
  {
    "stt": "24",
    "maMonDangKy": "INT14103",
    "tenMonDangKy": "Kỹ thuật lập trình hướng đối tượng",
    "maMonYeuCau": "INT2019",
    "tenMonYeuCau": "Thực tập tốt nghiệp",
    "heDaoTao": "",
    "nganh": "",
    "khoi": ""
  },
  {
    "stt": "25",
    "maMonDangKy": "INT14104",
    "tenMonDangKy": "Phân tích thiết kế đảm bảo chất lượng phần mềm",
    "maMonYeuCau": "INT2019",
    "tenMonYeuCau": "Thực tập tốt nghiệp",
    "heDaoTao": "",
    "nganh": "",
    "khoi": ""
  },
  {
    "stt": "26",
    "maMonDangKy": "INT1497",
    "tenMonDangKy": "Phát triển hệ thống dựa trên tri thức",
    "maMonYeuCau": "INT2019",
    "tenMonYeuCau": "Thực tập tốt nghiệp",
    "heDaoTao": "",
    "nganh": "",
    "khoi": ""
  },
  {
    "stt": "27",
    "maMonDangKy": "INT1497M",
    "tenMonDangKy": "Phát triển các hệ thống dựa trên tri thức",
    "maMonYeuCau": "INT2019",
    "tenMonYeuCau": "Thực tập tốt nghiệp",
    "heDaoTao": "",
    "nganh": "",
    "khoi": ""
  },
  {
    "stt": "28",
    "maMonDangKy": "INT1498",
    "tenMonDangKy": "Phát triển ứng dụng phân tán",
    "maMonYeuCau": "INT2019",
    "tenMonYeuCau": "Thực tập tốt nghiệp",
    "heDaoTao": "",
    "nganh": "",
    "khoi": ""
  },
  {
    "stt": "29",
    "maMonDangKy": "INT1499",
    "tenMonDangKy": "An toàn phần mềm",
    "maMonYeuCau": "INT2019",
    "tenMonYeuCau": "Thực tập tốt nghiệp",
    "heDaoTao": "",
    "nganh": "",
    "khoi": ""
  },
  {
    "stt": "30",
    "maMonDangKy": "INT1499M",
    "tenMonDangKy": "Chuyên đề an toàn phần mềm",
    "maMonYeuCau": "INA2019",
    "tenMonYeuCau": "Thực tập tốt nghiệp",
    "heDaoTao": "",
    "nganh": "",
    "khoi": ""
  },
  {
    "stt": "31",
    "maMonDangKy": "MAR1419",
    "tenMonDangKy": "Truyền thông nội bộ trong tổ chức",
    "maMonYeuCau": "EPT1415",
    "tenMonYeuCau": "Thực tập",
    "heDaoTao": "",
    "nganh": "",
    "khoi": ""
  },
  {
    "stt": "32",
    "maMonDangKy": "MAR1419",
    "tenMonDangKy": "Truyền thông nội bộ trong tổ chức",
    "maMonYeuCau": "MAR1445",
    "tenMonYeuCau": "Thực tập tốt nghiệp",
    "heDaoTao": "",
    "nganh": "",
    "khoi": ""
  },
  {
    "stt": "33",
    "maMonDangKy": "MAR1421",
    "tenMonDangKy": "Marketing dựa trên giá trị",
    "maMonYeuCau": "EPT1415",
    "tenMonYeuCau": "Thực tập",
    "heDaoTao": "",
    "nganh": "",
    "khoi": ""
  },
  {
    "stt": "34",
    "maMonDangKy": "MAR1421",
    "tenMonDangKy": "Marketing dựa trên giá trị",
    "maMonYeuCau": "MAR1445",
    "tenMonYeuCau": "Thực tập tốt nghiệp",
    "heDaoTao": "",
    "nganh": "",
    "khoi": ""
  },
  {
    "stt": "35",
    "maMonDangKy": "MAR1440",
    "tenMonDangKy": "Quản trị quan hệ khách hàng",
    "maMonYeuCau": "EPT1415",
    "tenMonYeuCau": "Thực tập",
    "heDaoTao": "",
    "nganh": "",
    "khoi": ""
  },
  {
    "stt": "36",
    "maMonDangKy": "MAR1440",
    "tenMonDangKy": "Quản trị quan hệ khách hàng",
    "maMonYeuCau": "MAR1445",
    "tenMonYeuCau": "Thực tập tốt nghiệp",
    "heDaoTao": "",
    "nganh": "",
    "khoi": ""
  },
  {
    "stt": "37",
    "maMonDangKy": "MAR1446",
    "tenMonDangKy": "Khoá luận tốt nghiệp",
    "maMonYeuCau": "MAR1445",
    "tenMonYeuCau": "Thực tập tốt nghiệp",
    "heDaoTao": "",
    "nganh": "",
    "khoi": ""
  },
  {
    "stt": "38",
    "maMonDangKy": "MUL1487",
    "tenMonDangKy": "Phóng sự truyền hình",
    "maMonYeuCau": "CDT1433",
    "tenMonYeuCau": "Thực tập",
    "heDaoTao": "",
    "nganh": "",
    "khoi": ""
  },
  {
    "stt": "39",
    "maMonDangKy": "MUL1488",
    "tenMonDangKy": "Báo mạng điện tử",
    "maMonYeuCau": "CDT1433",
    "tenMonYeuCau": "Thực tập",
    "heDaoTao": "",
    "nganh": "",
    "khoi": ""
  },
  {
    "stt": "40",
    "maMonDangKy": "MUL2016",
    "tenMonDangKy": "Khóa luận tốt nghiệp",
    "maMonYeuCau": "CDT1433",
    "tenMonYeuCau": "Thực tập",
    "heDaoTao": "",
    "nganh": "",
    "khoi": ""
  },
  {
    "stt": "41",
    "maMonDangKy": "CDT1434",
    "tenMonDangKy": "Đồ án tốt nghiệp",
    "maMonYeuCau": "MUL2019",
    "tenMonYeuCau": "Thực tập tốt nghiệp",
    "heDaoTao": "",
    "nganh": "",
    "khoi": ""
  },
  {
    "stt": "42",
    "maMonDangKy": "MUL14146",
    "tenMonDangKy": "Kỹ thuật lập trình ứng dụng đa phương tiện",
    "maMonYeuCau": "MUL2019",
    "tenMonYeuCau": "Thực tập tốt nghiệp",
    "heDaoTao": "",
    "nganh": "",
    "khoi": ""
  },
  {
    "stt": "43",
    "maMonDangKy": "MUL1484",
    "tenMonDangKy": "Thiết kế và tổ chức sản xuất sản phẩm đa phương tiện",
    "maMonYeuCau": "MUL2019",
    "tenMonYeuCau": "Thực tập tốt nghiệp",
    "heDaoTao": "",
    "nganh": "",
    "khoi": ""
  },
  {
    "stt": "44",
    "maMonDangKy": "MUL1485",
    "tenMonDangKy": "Thiết kế đồ họa nâng cao",
    "maMonYeuCau": "MUL2019",
    "tenMonYeuCau": "Thực tập tốt nghiệp",
    "heDaoTao": "",
    "nganh": "",
    "khoi": ""
  },
  {
    "stt": "45",
    "maMonDangKy": "MUL1486",
    "tenMonDangKy": "Thiết kế hoạt hình nâng cao",
    "maMonYeuCau": "MUL2019",
    "tenMonYeuCau": "Thực tập tốt nghiệp",
    "heDaoTao": "",
    "nganh": "",
    "khoi": ""
  },
  {
    "stt": "46",
    "maMonDangKy": "TEL1426",
    "tenMonDangKy": "Đồ án tốt nghiệp",
    "maMonYeuCau": "TEL2019",
    "tenMonYeuCau": "Thực tập tốt nghiệp",
    "heDaoTao": "",
    "nganh": "",
    "khoi": ""
  },
  {
    "stt": "47",
    "maMonDangKy": "TEL1434",
    "tenMonDangKy": "Công nghệ truy nhập quang",
    "maMonYeuCau": "TEL2019",
    "tenMonYeuCau": "Thực tập tốt nghiệp",
    "heDaoTao": "",
    "nganh": "",
    "khoi": ""
  },
  {
    "stt": "48",
    "maMonDangKy": "TEL1434M",
    "tenMonDangKy": "Công nghệ truy nhập quang băng rộng",
    "maMonYeuCau": "TEL2019",
    "tenMonYeuCau": "Thực tập tốt nghiệp",
    "heDaoTao": "",
    "nganh": "",
    "khoi": ""
  },
  {
    "stt": "49",
    "maMonDangKy": "TEL1435",
    "tenMonDangKy": "Công nghệ mạng truyền thông tiên tiến",
    "maMonYeuCau": "TEL2019",
    "tenMonYeuCau": "Thực tập tốt nghiệp",
    "heDaoTao": "",
    "nganh": "",
    "khoi": ""
  },
  {
    "stt": "50",
    "maMonDangKy": "TEL1436",
    "tenMonDangKy": "Công nghệ vô tuyến băng rộng",
    "maMonYeuCau": "TEL2019",
    "tenMonYeuCau": "Thực tập tốt nghiệp",
    "heDaoTao": "",
    "nganh": "",
    "khoi": ""
  },
  {
    "stt": "51",
    "maMonDangKy": "TEL1471",
    "tenMonDangKy": "Phát triển hệ thống và ứng dụng IoT",
    "maMonYeuCau": "TEL2019",
    "tenMonYeuCau": "Thực tập tốt nghiệp",
    "heDaoTao": "",
    "nganh": "",
    "khoi": ""
  }
]