{
  "Học kỳ 1 Năm học 2024-2025": [
    {
      "maMH": "INT13146",
      "tenMH": "Xử lý ảnh",
      "nhom": "06",
      "soTinChi": "3",
      "lop": "D21-034",
      "thu": "7",
      "tietBatDau": "3",
      "soTiet": "1",
      "phong": "405-A2",
      "giangVien": "T.M.Đức",
      "thoiGian": "17/08/24 đến 24/08/24"
    },
    {
      "maMH": "INT13146",
      "tenMH": "Xử lý ảnh",
      "nhom": "06",
      "soTinChi": "3",
      "lop": "D21-034",
      "thu": "7",
      "tietBatDau": "3",
      "soTiet": "1",
      "phong": "405-A2",
      "giangVien": "T.M.Đức",
      "thoiGian": "14/09/24 đến 19/10/24"
    },
    {
      "maMH": "INT13146",
      "tenMH": "Xử lý ảnh",
      "nhom": "06",
      "soTinChi": "3",
      "lop": "D21-034",
      "thu": "7",
      "tietBatDau": "4",
      "soTiet": "2",
      "phong": "405-A2",
      "giangVien": "T.M.Đức",
      "thoiGian": "17/08/24 đến 24/08/24"
    },
    {
      "maMH": "INT13146",
      "tenMH": "Xử lý ảnh",
      "nhom": "06",
      "soTinChi": "3",
      "lop": "D21-034",
      "thu": "7",
      "tietBatDau": "4",
      "soTiet": "2",
      "phong": "405-A2",
      "giangVien": "T.M.Đức",
      "thoiGian": "07/09/24 đến 07/12/24"
    },
    {
      "maMH": "INT13146",
      "tenMH": "Xử lý ảnh",
      "nhom": "06",
      "soTinChi": "3",
      "lop": "D21-034",
      "thu": "7",
      "tietBatDau": "13",
      "soTiet": "2",
      "phong": "8888888818",
      "giangVien": "T.M.Đức",
      "thoiGian": "28/09/24 đến 05/10/24"
    },
    {
      "maMH": "INT1342M",
      "tenMH": "Phân tích và thiết kế hệ thống thông tin",
      "nhom": "09",
      "soTinChi": "3",
      "lop": "D21-058",
      "thu": "6",
      "tietBatDau": "1",
      "soTiet": "2",
      "phong": "201A-A3",
      "giangVien": "T.Đ.Quế",
      "thoiGian": "16/08/24 đến 29/11/24"
    },
    {
      "maMH": "INT1342M",
      "tenMH": "Phân tích và thiết kế hệ thống thông tin",
      "nhom": "09",
      "soTinChi": "3",
      "lop": "D21-058",
      "thu": "6",
      "tietBatDau": "3",
      "soTiet": "1",
      "phong": "201A-A3",
      "giangVien": "T.Đ.Quế",
      "thoiGian": "11/10/24 đến 29/11/24"
    },
    {
      "maMH": "INT1342M",
      "tenMH": "Phân tích và thiết kế hệ thống thông tin",
      "nhom": "09",
      "soTinChi": "3",
      "lop": "D21-058",
      "thu": "6",
      "tietBatDau": "12",
      "soTiet": "2",
      "phong": "201A-A3",
      "giangVien": "T.Đ.Quế",
      "thoiGian": "13/09/24 đến 20/09/24"
    },
    {
      "maMH": "INT14149",
      "tenMH": "IoT và ứng dụng",
      "nhom": "06-02",
      "soTinChi": "3",
      "lop": "D21-018",
      "thu": "4",
      "tietBatDau": "9",
      "soTiet": "1",
      "phong": "201A-A3",
      "giangVien": "N.Q.Uy",
      "thoiGian": "14/08/24 đến 02/10/24"
    },
    {
      "maMH": "INT14149",
      "tenMH": "IoT và ứng dụng",
      "nhom": "06-02",
      "soTinChi": "3",
      "lop": "D21-018",
      "thu": "4",
      "tietBatDau": "10",
      "soTiet": "2",
      "phong": "201A-A3",
      "giangVien": "N.Q.Uy",
      "thoiGian": "14/08/24 đến 13/11/24"
    },
    {
      "maMH": "INT14149",
      "tenMH": "IoT và ứng dụng",
      "nhom": "06-02",
      "soTinChi": "3",
      "lop": "D21-018",
      "thu": "4",
      "tietBatDau": "10",
      "soTiet": "2",
      "phong": "201A-A3",
      "giangVien": "N.Q.Uy",
      "thoiGian": "27/11/24 đến 27/11/24"
    },
    {
      "maMH": "INT14149",
      "tenMH": "IoT và ứng dụng",
      "nhom": "06-02",
      "soTinChi": "3",
      "lop": "D21-018",
      "thu": "5",
      "tietBatDau": "6",
      "soTiet": "4",
      "phong": "604-A3",
      "giangVien": "N.Đ.Việt",
      "thoiGian": "26/09/24 đến 26/09/24"
    },
    {
      "maMH": "INT14149",
      "tenMH": "IoT và ứng dụng",
      "nhom": "06-02",
      "soTinChi": "3",
      "lop": "D21-018",
      "thu": "5",
      "tietBatDau": "6",
      "soTiet": "4",
      "phong": "604-A3",
      "giangVien": "N.Đ.Việt",
      "thoiGian": "17/10/24 đến 17/10/24"
    },
    {
      "maMH": "INT14149",
      "tenMH": "IoT và ứng dụng",
      "nhom": "06-02",
      "soTinChi": "3",
      "lop": "D21-018",
      "thu": "5",
      "tietBatDau": "6",
      "soTiet": "4",
      "phong": "604-A3",
      "giangVien": "N.Đ.Việt",
      "thoiGian": "07/11/24 đến 07/11/24"
    },
    {
      "maMH": "INT14150",
      "tenMH": "Nhập môn khoa học dữ liệu",
      "nhom": "05",
      "soTinChi": "3",
      "lop": "D21-048",
      "thu": "7",
      "tietBatDau": "7",
      "soTiet": "2",
      "phong": "405-A2",
      "giangVien": "Đ.X.Trường",
      "thoiGian": "17/08/24 đến 24/08/24"
    },
    {
      "maMH": "INT14150",
      "tenMH": "Nhập môn khoa học dữ liệu",
      "nhom": "05",
      "soTinChi": "3",
      "lop": "D21-048",
      "thu": "7",
      "tietBatDau": "7",
      "soTiet": "2",
      "phong": "405-A2",
      "giangVien": "Đ.X.Trường",
      "thoiGian": "07/09/24 đến 07/12/24"
    },
    {
      "maMH": "INT14150",
      "tenMH": "Nhập môn khoa học dữ liệu",
      "nhom": "05",
      "soTinChi": "3",
      "lop": "D21-048",
      "thu": "7",
      "tietBatDau": "9",
      "soTiet": "1",
      "phong": "405-A2",
      "giangVien": "Đ.X.Trường",
      "thoiGian": "26/10/24 đến 07/12/24"
    },
    {
      "maMH": "INT14150",
      "tenMH": "Nhập môn khoa học dữ liệu",
      "nhom": "05",
      "soTinChi": "3",
      "lop": "D21-048",
      "thu": "7",
      "tietBatDau": "13",
      "soTiet": "2",
      "phong": "8888888810",
      "giangVien": "Đ.X.Trường",
      "thoiGian": "12/10/24 đến 19/10/24"
    },
    {
      "maMH": "INT1433",
      "tenMH": "Lập trình mạng",
      "nhom": "05-01",
      "soTinChi": "3",
      "lop": "D21-072",
      "thu": "4",
      "tietBatDau": "1",
      "soTiet": "2",
      "phong": "305-A3",
      "giangVien": "Đ.N.Hùng",
      "thoiGian": "14/08/24 đến 13/11/24"
    },
    {
      "maMH": "INT1433",
      "tenMH": "Lập trình mạng",
      "nhom": "05-01",
      "soTinChi": "3",
      "lop": "D21-072",
      "thu": "4",
      "tietBatDau": "1",
      "soTiet": "2",
      "phong": "305-A3",
      "giangVien": "Đ.N.Hùng",
      "thoiGian": "27/11/24 đến 27/11/24"
    },
    {
      "maMH": "INT1433",
      "tenMH": "Lập trình mạng",
      "nhom": "05-01",
      "soTinChi": "3",
      "lop": "D21-072",
      "thu": "4",
      "tietBatDau": "3",
      "soTiet": "1",
      "phong": "305-A3",
      "giangVien": "Đ.N.Hùng",
      "thoiGian": "09/10/24 đến 13/11/24"
    },
    {
      "maMH": "INT1433",
      "tenMH": "Lập trình mạng",
      "nhom": "05-01",
      "soTinChi": "3",
      "lop": "D21-072",
      "thu": "4",
      "tietBatDau": "3",
      "soTiet": "1",
      "phong": "305-A3",
      "giangVien": "Đ.N.Hùng",
      "thoiGian": "27/11/24 đến 04/12/24"
    },
    {
      "maMH": "INT1433",
      "tenMH": "Lập trình mạng",
      "nhom": "05-01",
      "soTinChi": "3",
      "lop": "D21-072",
      "thu": "CN",
      "tietBatDau": "2",
      "soTiet": "4",
      "phong": "509-A3",
      "giangVien": "Đ.N.Hùng",
      "thoiGian": "08/09/24 đến 08/09/24"
    },
    {
      "maMH": "INT1433",
      "tenMH": "Lập trình mạng",
      "nhom": "05-01",
      "soTinChi": "3",
      "lop": "D21-072",
      "thu": "CN",
      "tietBatDau": "2",
      "soTiet": "4",
      "phong": "509-A3",
      "giangVien": "Đ.N.Hùng",
      "thoiGian": "29/09/24 đến 29/09/24"
    },
    {
      "maMH": "INT1433",
      "tenMH": "Lập trình mạng",
      "nhom": "05-01",
      "soTinChi": "3",
      "lop": "D21-072",
      "thu": "CN",
      "tietBatDau": "2",
      "soTiet": "4",
      "phong": "509-A3",
      "giangVien": "Đ.N.Hùng",
      "thoiGian": "20/10/24 đến 20/10/24"
    },
    {
      "maMH": "INT1450",
      "tenMH": "Quản lý dự án phần mềm",
      "nhom": "10",
      "soTinChi": "2",
      "lop": "D21-087",
      "thu": "6",
      "tietBatDau": "9",
      "soTiet": "1",
      "phong": "401-A2",
      "giangVien": "Đ.N.Phong",
      "thoiGian": "16/08/24 đến 04/10/24"
    },
    {
      "maMH": "INT1450",
      "tenMH": "Quản lý dự án phần mềm",
      "nhom": "10",
      "soTinChi": "2",
      "lop": "D21-087",
      "thu": "6",
      "tietBatDau": "10",
      "soTiet": "2",
      "phong": "401-A2",
      "giangVien": "Đ.N.Phong",
      "thoiGian": "16/08/24 đến 25/10/24"
    },
    {
      "maMH": "SKD1108",
      "tenMH": "Phương pháp luận nghiên cứu khoa học",
      "nhom": "18",
      "soTinChi": "2",
      "lop": "D21-148",
      "thu": "6",
      "tietBatDau": "3",
      "soTiet": "2",
      "phong": "201B-A3",
      "giangVien": "T.T.T.Nhung",
      "thoiGian": "16/08/24 đến 04/10/24"
    },
    {
      "maMH": "SKD1108",
      "tenMH": "Phương pháp luận nghiên cứu khoa học",
      "nhom": "18",
      "soTinChi": "2",
      "lop": "D21-148",
      "thu": "6",
      "tietBatDau": "4",
      "soTiet": "2",
      "phong": "201B-A3",
      "giangVien": "T.T.T.Nhung",
      "thoiGian": "11/10/24 đến 01/11/24"
    }
  ],
  "Học kỳ 3 Năm học 2023-2024": [
    {
      "maMH": "INT1332",
      "tenMH": "Lập trình hướng đối tượng",
      "nhom": "02",
      "soTinChi": "3",
      "lop": "H-091",
      "thu": "6",
      "tietBatDau": "1",
      "soTiet": "5",
      "phong": "8888888803",
      "giangVien": "T.T.V.Anh",
      "thoiGian": "05/07/24 đến 02/08/24"
    },
    {
      "maMH": "INT1332",
      "tenMH": "Lập trình hướng đối tượng",
      "nhom": "02",
      "soTinChi": "3",
      "lop": "H-091",
      "thu": "7",
      "tietBatDau": "1",
      "soTiet": "5",
      "phong": "8888888816",
      "giangVien": "T.T.V.Anh",
      "thoiGian": "13/07/24 đến 20/07/24"
    },
    {
      "maMH": "INT1332",
      "tenMH": "Lập trình hướng đối tượng",
      "nhom": "02",
      "soTinChi": "3",
      "lop": "H-091",
      "thu": "7",
      "tietBatDau": "1",
      "soTiet": "3",
      "phong": "8888888816",
      "giangVien": "T.T.V.Anh",
      "thoiGian": "27/07/24 đến 27/07/24"
    }
  ],
  "Học kỳ 2 Năm học 2023-2024": [
    {
      "maMH": "INT1303",
      "tenMH": "An toàn và bảo mật hệ thống thông tin",
      "nhom": "09-02",
      "soTinChi": "3",
      "lop": "D21-096",
      "thu": "6",
      "tietBatDau": "6",
      "soTiet": "4",
      "phong": "601-A3",
      "giangVien": "N.H.Cương",
      "thoiGian": "03/05/24 đến 03/05/24"
    },
    {
      "maMH": "INT1303",
      "tenMH": "An toàn và bảo mật hệ thống thông tin",
      "nhom": "09-02",
      "soTinChi": "3",
      "lop": "D21-096",
      "thu": "7",
      "tietBatDau": "1",
      "soTiet": "2",
      "phong": "302-A2",
      "giangVien": "N.H.Cương",
      "thoiGian": "20/01/24 đến 27/01/24"
    },
    {
      "maMH": "INT1303",
      "tenMH": "An toàn và bảo mật hệ thống thông tin",
      "nhom": "09-02",
      "soTinChi": "3",
      "lop": "D21-096",
      "thu": "7",
      "tietBatDau": "1",
      "soTiet": "2",
      "phong": "302-A2",
      "giangVien": "N.H.Cương",
      "thoiGian": "24/02/24 đến 20/04/24"
    },
    {
      "maMH": "INT1303",
      "tenMH": "An toàn và bảo mật hệ thống thông tin",
      "nhom": "09-02",
      "soTinChi": "3",
      "lop": "D21-096",
      "thu": "7",
      "tietBatDau": "1",
      "soTiet": "2",
      "phong": "302-A2",
      "giangVien": "N.H.Cương",
      "thoiGian": "04/05/24 đến 25/05/24"
    },
    {
      "maMH": "INT1303",
      "tenMH": "An toàn và bảo mật hệ thống thông tin",
      "nhom": "09-02",
      "soTinChi": "3",
      "lop": "D21-096",
      "thu": "7",
      "tietBatDau": "3",
      "soTiet": "1",
      "phong": "302-A2",
      "giangVien": "N.H.Cương",
      "thoiGian": "27/01/24 đến 27/01/24"
    },
    {
      "maMH": "INT1303",
      "tenMH": "An toàn và bảo mật hệ thống thông tin",
      "nhom": "09-02",
      "soTinChi": "3",
      "lop": "D21-096",
      "thu": "7",
      "tietBatDau": "3",
      "soTiet": "1",
      "phong": "302-A2",
      "giangVien": "N.H.Cương",
      "thoiGian": "24/02/24 đến 23/03/24"
    },
    {
      "maMH": "INT1303",
      "tenMH": "An toàn và bảo mật hệ thống thông tin",
      "nhom": "09-02",
      "soTinChi": "3",
      "lop": "D21-096",
      "thu": "7",
      "tietBatDau": "12",
      "soTiet": "2",
      "phong": "302-A2",
      "giangVien": "N.H.Cương",
      "thoiGian": "27/01/24 đến 27/01/24"
    },
    {
      "maMH": "INT1303",
      "tenMH": "An toàn và bảo mật hệ thống thông tin",
      "nhom": "09-02",
      "soTinChi": "3",
      "lop": "D21-096",
      "thu": "7",
      "tietBatDau": "12",
      "soTiet": "2",
      "phong": "302-A2",
      "giangVien": "N.H.Cương",
      "thoiGian": "24/02/24 đến 24/02/24"
    },
    {
      "maMH": "INT13147",
      "tenMH": "Thực tập cơ sở",
      "nhom": "14",
      "soTinChi": "3",
      "lop": "",
      "thu": "",
      "tietBatDau": "0",
      "soTiet": "1",
      "phong": "",
      "giangVien": "N.T.Đức",
      "thoiGian": ""
    },
    {
      "maMH": "INT1340",
      "tenMH": "Nhập môn công nghệ phần mềm",
      "nhom": "01",
      "soTinChi": "3",
      "lop": "D21-119",
      "thu": "2",
      "tietBatDau": "1",
      "soTiet": "2",
      "phong": "701-A2",
      "giangVien": "N.T.Đức",
      "thoiGian": "15/01/24 đến 29/01/24"
    },
    {
      "maMH": "INT1340",
      "tenMH": "Nhập môn công nghệ phần mềm",
      "nhom": "01",
      "soTinChi": "3",
      "lop": "D21-119",
      "thu": "2",
      "tietBatDau": "1",
      "soTiet": "2",
      "phong": "701-A2",
      "giangVien": "N.T.Đức",
      "thoiGian": "19/02/24 đến 22/04/24"
    },
    {
      "maMH": "INT1340",
      "tenMH": "Nhập môn công nghệ phần mềm",
      "nhom": "01",
      "soTinChi": "3",
      "lop": "D21-119",
      "thu": "2",
      "tietBatDau": "1",
      "soTiet": "2",
      "phong": "701-A2",
      "giangVien": "N.T.Đức",
      "thoiGian": "06/05/24 đến 20/05/24"
    },
    {
      "maMH": "INT1340",
      "tenMH": "Nhập môn công nghệ phần mềm",
      "nhom": "01",
      "soTinChi": "3",
      "lop": "D21-119",
      "thu": "2",
      "tietBatDau": "3",
      "soTiet": "1",
      "phong": "701-A2",
      "giangVien": "N.T.Đức",
      "thoiGian": "15/01/24 đến 29/01/24"
    },
    {
      "maMH": "INT1340",
      "tenMH": "Nhập môn công nghệ phần mềm",
      "nhom": "01",
      "soTinChi": "3",
      "lop": "D21-119",
      "thu": "2",
      "tietBatDau": "3",
      "soTiet": "1",
      "phong": "701-A2",
      "giangVien": "N.T.Đức",
      "thoiGian": "19/02/24 đến 18/03/24"
    },
    {
      "maMH": "INT1340",
      "tenMH": "Nhập môn công nghệ phần mềm",
      "nhom": "01",
      "soTinChi": "3",
      "lop": "D21-119",
      "thu": "2",
      "tietBatDau": "12",
      "soTiet": "2",
      "phong": "701-A2",
      "giangVien": "N.T.Đức",
      "thoiGian": "22/01/24 đến 29/01/24"
    },
    {
      "maMH": "INT1341",
      "tenMH": "Nhập môn trí tuệ nhân tạo",
      "nhom": "05",
      "soTinChi": "3",
      "lop": "D21-141",
      "thu": "3",
      "tietBatDau": "3",
      "soTiet": "1",
      "phong": "701-A2",
      "giangVien": "N.T.M.Trang",
      "thoiGian": "26/03/24 đến 23/04/24"
    },
    {
      "maMH": "INT1341",
      "tenMH": "Nhập môn trí tuệ nhân tạo",
      "nhom": "05",
      "soTinChi": "3",
      "lop": "D21-141",
      "thu": "3",
      "tietBatDau": "3",
      "soTiet": "1",
      "phong": "701-A2",
      "giangVien": "N.T.M.Trang",
      "thoiGian": "07/05/24 đến 21/05/24"
    },
    {
      "maMH": "INT1341",
      "tenMH": "Nhập môn trí tuệ nhân tạo",
      "nhom": "05",
      "soTinChi": "3",
      "lop": "D21-141",
      "thu": "3",
      "tietBatDau": "4",
      "soTiet": "2",
      "phong": "701-A2",
      "giangVien": "N.T.M.Trang",
      "thoiGian": "16/01/24 đến 30/01/24"
    },
    {
      "maMH": "INT1341",
      "tenMH": "Nhập môn trí tuệ nhân tạo",
      "nhom": "05",
      "soTinChi": "3",
      "lop": "D21-141",
      "thu": "3",
      "tietBatDau": "4",
      "soTiet": "2",
      "phong": "701-A2",
      "giangVien": "N.T.M.Trang",
      "thoiGian": "20/02/24 đến 23/04/24"
    },
    {
      "maMH": "INT1341",
      "tenMH": "Nhập môn trí tuệ nhân tạo",
      "nhom": "05",
      "soTinChi": "3",
      "lop": "D21-141",
      "thu": "3",
      "tietBatDau": "4",
      "soTiet": "2",
      "phong": "701-A2",
      "giangVien": "N.T.M.Trang",
      "thoiGian": "07/05/24 đến 21/05/24"
    },
    {
      "maMH": "INT1341",
      "tenMH": "Nhập môn trí tuệ nhân tạo",
      "nhom": "05",
      "soTinChi": "3",
      "lop": "D21-141",
      "thu": "3",
      "tietBatDau": "13",
      "soTiet": "2",
      "phong": "8888888807",
      "giangVien": "N.T.M.Trang",
      "thoiGian": "27/02/24 đến 05/03/24"
    },
    {
      "maMH": "INT14148",
      "tenMH": "Cơ sở dữ liệu phân tán",
      "nhom": "02",
      "soTinChi": "3",
      "lop": "D21-167",
      "thu": "2",
      "tietBatDau": "3",
      "soTiet": "1",
      "phong": "305-A2",
      "giangVien": "P.T.Hà",
      "thoiGian": "25/03/24 đến 22/04/24"
    },
    {
      "maMH": "INT14148",
      "tenMH": "Cơ sở dữ liệu phân tán",
      "nhom": "02",
      "soTinChi": "3",
      "lop": "D21-167",
      "thu": "2",
      "tietBatDau": "3",
      "soTiet": "1",
      "phong": "305-A2",
      "giangVien": "P.T.Hà",
      "thoiGian": "06/05/24 đến 20/05/24"
    },
    {
      "maMH": "INT14148",
      "tenMH": "Cơ sở dữ liệu phân tán",
      "nhom": "02",
      "soTinChi": "3",
      "lop": "D21-167",
      "thu": "2",
      "tietBatDau": "4",
      "soTiet": "2",
      "phong": "305-A2",
      "giangVien": "P.T.Hà",
      "thoiGian": "15/01/24 đến 29/01/24"
    },
    {
      "maMH": "INT14148",
      "tenMH": "Cơ sở dữ liệu phân tán",
      "nhom": "02",
      "soTinChi": "3",
      "lop": "D21-167",
      "thu": "2",
      "tietBatDau": "4",
      "soTiet": "2",
      "phong": "305-A2",
      "giangVien": "P.T.Hà",
      "thoiGian": "19/02/24 đến 22/04/24"
    },
    {
      "maMH": "INT14148",
      "tenMH": "Cơ sở dữ liệu phân tán",
      "nhom": "02",
      "soTinChi": "3",
      "lop": "D21-167",
      "thu": "2",
      "tietBatDau": "4",
      "soTiet": "2",
      "phong": "305-A2",
      "giangVien": "P.T.Hà",
      "thoiGian": "06/05/24 đến 20/05/24"
    },
    {
      "maMH": "INT14148",
      "tenMH": "Cơ sở dữ liệu phân tán",
      "nhom": "02",
      "soTinChi": "3",
      "lop": "D21-167",
      "thu": "2",
      "tietBatDau": "12",
      "soTiet": "2",
      "phong": "302-A2",
      "giangVien": "P.T.Hà",
      "thoiGian": "26/02/24 đến 04/03/24"
    },
    {
      "maMH": "INT1434",
      "tenMH": "Lập trình Web",
      "nhom": "01-02",
      "soTinChi": "3",
      "lop": "D21-176",
      "thu": "3",
      "tietBatDau": "1",
      "soTiet": "2",
      "phong": "601-A2",
      "giangVien": "N.T.Khánh",
      "thoiGian": "16/01/24 đến 30/01/24"
    },
    {
      "maMH": "INT1434",
      "tenMH": "Lập trình Web",
      "nhom": "01-02",
      "soTinChi": "3",
      "lop": "D21-176",
      "thu": "3",
      "tietBatDau": "1",
      "soTiet": "2",
      "phong": "601-A2",
      "giangVien": "N.T.Khánh",
      "thoiGian": "20/02/24 đến 23/04/24"
    },
    {
      "maMH": "INT1434",
      "tenMH": "Lập trình Web",
      "nhom": "01-02",
      "soTinChi": "3",
      "lop": "D21-176",
      "thu": "3",
      "tietBatDau": "1",
      "soTiet": "2",
      "phong": "601-A2",
      "giangVien": "N.T.Khánh",
      "thoiGian": "07/05/24 đến 14/05/24"
    },
    {
      "maMH": "INT1434",
      "tenMH": "Lập trình Web",
      "nhom": "01-02",
      "soTinChi": "3",
      "lop": "D21-176",
      "thu": "3",
      "tietBatDau": "3",
      "soTiet": "1",
      "phong": "601-A2",
      "giangVien": "N.T.Khánh",
      "thoiGian": "16/01/24 đến 30/01/24"
    },
    {
      "maMH": "INT1434",
      "tenMH": "Lập trình Web",
      "nhom": "01-02",
      "soTinChi": "3",
      "lop": "D21-176",
      "thu": "3",
      "tietBatDau": "3",
      "soTiet": "1",
      "phong": "601-A2",
      "giangVien": "N.T.Khánh",
      "thoiGian": "20/02/24 đến 19/03/24"
    },
    {
      "maMH": "INT1434",
      "tenMH": "Lập trình Web",
      "nhom": "01-02",
      "soTinChi": "3",
      "lop": "D21-176",
      "thu": "5",
      "tietBatDau": "2",
      "soTiet": "4",
      "phong": "601-A3",
      "giangVien": "N.T.Khánh",
      "thoiGian": "07/03/24 đến 07/03/24"
    },
    {
      "maMH": "INT1434",
      "tenMH": "Lập trình Web",
      "nhom": "01-02",
      "soTinChi": "3",
      "lop": "D21-176",
      "thu": "5",
      "tietBatDau": "2",
      "soTiet": "4",
      "phong": "601-A3",
      "giangVien": "N.T.Khánh",
      "thoiGian": "04/04/24 đến 04/04/24"
    },
    {
      "maMH": "INT1434",
      "tenMH": "Lập trình Web",
      "nhom": "01-02",
      "soTinChi": "3",
      "lop": "D21-176",
      "thu": "5",
      "tietBatDau": "2",
      "soTiet": "4",
      "phong": "601-A3",
      "giangVien": "N.T.Khánh",
      "thoiGian": "02/05/24 đến 02/05/24"
    },
    {
      "maMH": "SKD1101",
      "tenMH": "Kỹ năng thuyết trình",
      "nhom": "35",
      "soTinChi": "1",
      "lop": "D21-386",
      "thu": "7",
      "tietBatDau": "8",
      "soTiet": "2",
      "phong": "802-A2",
      "giangVien": "V.K.Ly",
      "thoiGian": "20/01/24 đến 27/01/24"
    },
    {
      "maMH": "SKD1101",
      "tenMH": "Kỹ năng thuyết trình",
      "nhom": "35",
      "soTinChi": "1",
      "lop": "D21-386",
      "thu": "7",
      "tietBatDau": "8",
      "soTiet": "2",
      "phong": "802-A2",
      "giangVien": "V.K.Ly",
      "thoiGian": "24/02/24 đến 23/03/24"
    }
  ],
  "Học kỳ 1 Năm học 2023-2024": [
    {
      "maMH": "BAS1153",
      "tenMH": "Lịch sử Đảng cộng sản Việt Nam",
      "nhom": "31",
      "soTinChi": "2",
      "lop": "D21-043",
      "thu": "3",
      "tietBatDau": "1",
      "soTiet": "2",
      "phong": "501-A2",
      "giangVien": "Đ.T.Diệu",
      "thoiGian": "15/08/23 đến 03/10/23"
    },
    {
      "maMH": "BAS1153",
      "tenMH": "Lịch sử Đảng cộng sản Việt Nam",
      "nhom": "31",
      "soTinChi": "2",
      "lop": "D21-043",
      "thu": "3",
      "tietBatDau": "1",
      "soTiet": "2",
      "phong": "501-A2",
      "giangVien": "Đ.T.Diệu",
      "thoiGian": "17/10/23 đến 14/11/23"
    },
    {
      "maMH": "BAS1153",
      "tenMH": "Lịch sử Đảng cộng sản Việt Nam",
      "nhom": "31",
      "soTinChi": "2",
      "lop": "D21-043",
      "thu": "3",
      "tietBatDau": "3",
      "soTiet": "1",
      "phong": "501-A2",
      "giangVien": "Đ.T.Diệu",
      "thoiGian": "17/10/23 đến 07/11/23"
    },
    {
      "maMH": "BAS1160",
      "tenMH": "Tiếng Anh (Course 3 Plus)",
      "nhom": "44",
      "soTinChi": "2",
      "lop": "D21-088",
      "thu": "2",
      "tietBatDau": "9",
      "soTiet": "2",
      "phong": "G06-A2",
      "giangVien": "N.Q.Giao",
      "thoiGian": "14/08/23 đến 28/08/23"
    },
    {
      "maMH": "BAS1160",
      "tenMH": "Tiếng Anh (Course 3 Plus)",
      "nhom": "44",
      "soTinChi": "2",
      "lop": "D21-088",
      "thu": "2",
      "tietBatDau": "9",
      "soTiet": "2",
      "phong": "G06-A2",
      "giangVien": "N.Q.Giao",
      "thoiGian": "11/09/23 đến 02/10/23"
    },
    {
      "maMH": "BAS1160",
      "tenMH": "Tiếng Anh (Course 3 Plus)",
      "nhom": "44",
      "soTinChi": "2",
      "lop": "D21-088",
      "thu": "2",
      "tietBatDau": "10",
      "soTiet": "2",
      "phong": "G06-A2",
      "giangVien": "N.Q.Giao",
      "thoiGian": "09/10/23 đến 13/11/23"
    },
    {
      "maMH": "BAS1160",
      "tenMH": "Tiếng Anh (Course 3 Plus)",
      "nhom": "44",
      "soTinChi": "2",
      "lop": "D21-088",
      "thu": "2",
      "tietBatDau": "10",
      "soTiet": "2",
      "phong": "G06-A2",
      "giangVien": "N.Q.Giao",
      "thoiGian": "27/11/23 đến 04/12/23"
    },
    {
      "maMH": "INT1313",
      "tenMH": "Cơ sở dữ liệu",
      "nhom": "01-02",
      "soTinChi": "3",
      "lop": "D21-192",
      "thu": "4",
      "tietBatDau": "1",
      "soTiet": "2",
      "phong": "601-A2",
      "giangVien": "P.T.Hà",
      "thoiGian": "16/08/23 đến 29/11/23"
    },
    {
      "maMH": "INT1313",
      "tenMH": "Cơ sở dữ liệu",
      "nhom": "01-02",
      "soTinChi": "3",
      "lop": "D21-192",
      "thu": "4",
      "tietBatDau": "3",
      "soTiet": "1",
      "phong": "601-A2",
      "giangVien": "P.T.Hà",
      "thoiGian": "11/10/23 đến 29/11/23"
    },
    {
      "maMH": "INT1313",
      "tenMH": "Cơ sở dữ liệu",
      "nhom": "01-02",
      "soTinChi": "3",
      "lop": "D21-192",
      "thu": "7",
      "tietBatDau": "2",
      "soTiet": "4",
      "phong": "603B-A3",
      "giangVien": "P.T.Hà",
      "thoiGian": "21/10/23 đến 21/10/23"
    },
    {
      "maMH": "INT1313",
      "tenMH": "Cơ sở dữ liệu",
      "nhom": "01-02",
      "soTinChi": "3",
      "lop": "D21-192",
      "thu": "7",
      "tietBatDau": "2",
      "soTiet": "4",
      "phong": "603B-A3",
      "giangVien": "P.T.Hà",
      "thoiGian": "18/11/23 đến 18/11/23"
    },
    {
      "maMH": "INT13162",
      "tenMH": "Lập trình với Python",
      "nhom": "10",
      "soTinChi": "3",
      "lop": "D21-163",
      "thu": "4",
      "tietBatDau": "3",
      "soTiet": "1",
      "phong": "201A-A3",
      "giangVien": "N.T.Khánh",
      "thoiGian": "16/08/23 đến 04/10/23"
    },
    {
      "maMH": "INT13162",
      "tenMH": "Lập trình với Python",
      "nhom": "10",
      "soTinChi": "3",
      "lop": "D21-163",
      "thu": "4",
      "tietBatDau": "4",
      "soTiet": "2",
      "phong": "201A-A3",
      "giangVien": "N.T.Khánh",
      "thoiGian": "16/08/23 đến 22/11/23"
    },
    {
      "maMH": "INT1319",
      "tenMH": "Hệ điều hành",
      "nhom": "05-02",
      "soTinChi": "3",
      "lop": "D21-221",
      "thu": "3",
      "tietBatDau": "7",
      "soTiet": "2",
      "phong": "802-A2",
      "giangVien": "Đ.X.Trường",
      "thoiGian": "15/08/23 đến 28/11/23"
    },
    {
      "maMH": "INT1319",
      "tenMH": "Hệ điều hành",
      "nhom": "05-02",
      "soTinChi": "3",
      "lop": "D21-221",
      "thu": "3",
      "tietBatDau": "9",
      "soTiet": "1",
      "phong": "802-A2",
      "giangVien": "Đ.X.Trường",
      "thoiGian": "10/10/23 đến 28/11/23"
    },
    {
      "maMH": "INT1319",
      "tenMH": "Hệ điều hành",
      "nhom": "05-02",
      "soTinChi": "3",
      "lop": "D21-221",
      "thu": "3",
      "tietBatDau": "13",
      "soTiet": "2",
      "phong": "8888888804",
      "giangVien": "Đ.X.Trường",
      "thoiGian": "10/10/23 đến 10/10/23"
    },
    {
      "maMH": "INT1319",
      "tenMH": "Hệ điều hành",
      "nhom": "05-02",
      "soTinChi": "3",
      "lop": "D21-221",
      "thu": "5",
      "tietBatDau": "2",
      "soTiet": "3",
      "phong": "603B-A3",
      "giangVien": "Đ.X.Trường",
      "thoiGian": "28/09/23 đến 28/09/23"
    },
    {
      "maMH": "INT1319",
      "tenMH": "Hệ điều hành",
      "nhom": "05-02",
      "soTinChi": "3",
      "lop": "D21-221",
      "thu": "5",
      "tietBatDau": "2",
      "soTiet": "3",
      "phong": "603B-A3",
      "giangVien": "Đ.X.Trường",
      "thoiGian": "09/11/23 đến 09/11/23"
    },
    {
      "maMH": "INT1332",
      "tenMH": "Lập trình hướng đối tượng",
      "nhom": "07-02",
      "soTinChi": "3",
      "lop": "D21-170",
      "thu": "2",
      "tietBatDau": "7",
      "soTiet": "2",
      "phong": "502-A2",
      "giangVien": "T.T.V.Anh",
      "thoiGian": "14/08/23 đến 28/08/23"
    },
    {
      "maMH": "INT1332",
      "tenMH": "Lập trình hướng đối tượng",
      "nhom": "07-02",
      "soTinChi": "3",
      "lop": "D21-170",
      "thu": "2",
      "tietBatDau": "7",
      "soTiet": "2",
      "phong": "502-A2",
      "giangVien": "T.T.V.Anh",
      "thoiGian": "11/09/23 đến 13/11/23"
    },
    {
      "maMH": "INT1332",
      "tenMH": "Lập trình hướng đối tượng",
      "nhom": "07-02",
      "soTinChi": "3",
      "lop": "D21-170",
      "thu": "2",
      "tietBatDau": "7",
      "soTiet": "2",
      "phong": "502-A2",
      "giangVien": "T.T.V.Anh",
      "thoiGian": "27/11/23 đến 04/12/23"
    },
    {
      "maMH": "INT1332",
      "tenMH": "Lập trình hướng đối tượng",
      "nhom": "07-02",
      "soTinChi": "3",
      "lop": "D21-170",
      "thu": "2",
      "tietBatDau": "9",
      "soTiet": "1",
      "phong": "402-A2",
      "giangVien": "T.T.V.Anh",
      "thoiGian": "09/10/23 đến 13/11/23"
    },
    {
      "maMH": "INT1332",
      "tenMH": "Lập trình hướng đối tượng",
      "nhom": "07-02",
      "soTinChi": "3",
      "lop": "D21-170",
      "thu": "2",
      "tietBatDau": "13",
      "soTiet": "2",
      "phong": "8888888803",
      "giangVien": "T.T.V.Anh",
      "thoiGian": "09/10/23 đến 09/10/23"
    },
    {
      "maMH": "INT1332",
      "tenMH": "Lập trình hướng đối tượng",
      "nhom": "07-02",
      "soTinChi": "3",
      "lop": "D21-170",
      "thu": "7",
      "tietBatDau": "1",
      "soTiet": "4",
      "phong": "CODE.PTIT.EDU.VN",
      "giangVien": "T.T.V.Anh",
      "thoiGian": "30/09/23 đến 30/09/23"
    },
    {
      "maMH": "INT1332",
      "tenMH": "Lập trình hướng đối tượng",
      "nhom": "07-02",
      "soTinChi": "3",
      "lop": "D21-170",
      "thu": "7",
      "tietBatDau": "1",
      "soTiet": "4",
      "phong": "CODE.PTIT.EDU.VN",
      "giangVien": "T.T.V.Anh",
      "thoiGian": "28/10/23 đến 28/10/23"
    },
    {
      "maMH": "INT1332",
      "tenMH": "Lập trình hướng đối tượng",
      "nhom": "07-02",
      "soTinChi": "3",
      "lop": "D21-170",
      "thu": "7",
      "tietBatDau": "1",
      "soTiet": "4",
      "phong": "CODE.PTIT.EDU.VN",
      "giangVien": "T.T.V.Anh",
      "thoiGian": "25/11/23 đến 25/11/23"
    },
    {
      "maMH": "INT1336",
      "tenMH": "Mạng máy tính",
      "nhom": "12-02",
      "soTinChi": "3",
      "lop": "D21-240",
      "thu": "3",
      "tietBatDau": "3",
      "soTiet": "1",
      "phong": "601-A2",
      "giangVien": "N.T.T.Thủy",
      "thoiGian": "15/08/23 đến 03/10/23"
    },
    {
      "maMH": "INT1336",
      "tenMH": "Mạng máy tính",
      "nhom": "12-02",
      "soTinChi": "3",
      "lop": "D21-240",
      "thu": "3",
      "tietBatDau": "4",
      "soTiet": "2",
      "phong": "601-A2",
      "giangVien": "N.T.T.Thủy",
      "thoiGian": "15/08/23 đến 28/11/23"
    },
    {
      "maMH": "INT1336",
      "tenMH": "Mạng máy tính",
      "nhom": "12-02",
      "soTinChi": "3",
      "lop": "D21-240",
      "thu": "3",
      "tietBatDau": "12",
      "soTiet": "2",
      "phong": "601-A2",
      "giangVien": "N.T.T.Thủy",
      "thoiGian": "12/09/23 đến 12/09/23"
    },
    {
      "maMH": "INT1336",
      "tenMH": "Mạng máy tính",
      "nhom": "12-02",
      "soTinChi": "3",
      "lop": "D21-240",
      "thu": "5",
      "tietBatDau": "7",
      "soTiet": "3",
      "phong": "509-A3",
      "giangVien": "N.T.T.Thủy",
      "thoiGian": "26/10/23 đến 26/10/23"
    },
    {
      "maMH": "INT1336",
      "tenMH": "Mạng máy tính",
      "nhom": "12-02",
      "soTinChi": "3",
      "lop": "D21-240",
      "thu": "5",
      "tietBatDau": "7",
      "soTiet": "3",
      "phong": "509-A3",
      "giangVien": "N.T.T.Thủy",
      "thoiGian": "16/11/23 đến 16/11/23"
    }
  ],
  "Học kỳ 3 Năm học 2022-2023": [
    {
      "thu": "Không tìm thấy dữ liệu"
    }
  ],
  "Học kỳ 2 Năm học 2022-2023": [
    {
      "maMH": "BAS1122",
      "tenMH": "Tư tưởng Hồ Chí Minh",
      "nhom": "14",
      "soTinChi": "2",
      "lop": "D21-014",
      "thu": "5",
      "tietBatDau": "3",
      "soTiet": "2",
      "phong": "603-A2",
      "giangVien": "Đ.T.Diệu",
      "thoiGian": "02/02/23 đến 11/05/23"
    },
    {
      "maMH": "BAS1159",
      "tenMH": "Tiếng Anh (Course 3)",
      "nhom": "44",
      "soTinChi": "4",
      "lop": "D21-075",
      "thu": "2",
      "tietBatDau": "9",
      "soTiet": "2",
      "phong": "704-A2",
      "giangVien": "N.T.Thu",
      "thoiGian": "30/01/23 đến 24/04/23"
    },
    {
      "maMH": "BAS1159",
      "tenMH": "Tiếng Anh (Course 3)",
      "nhom": "44",
      "soTinChi": "4",
      "lop": "D21-075",
      "thu": "2",
      "tietBatDau": "9",
      "soTiet": "2",
      "phong": "704-A2",
      "giangVien": "N.T.Thu",
      "thoiGian": "08/05/23 đến 15/05/23"
    },
    {
      "maMH": "BAS1159",
      "tenMH": "Tiếng Anh (Course 3)",
      "nhom": "44",
      "soTinChi": "4",
      "lop": "D21-075",
      "thu": "3",
      "tietBatDau": "9",
      "soTiet": "2",
      "phong": "704-A2",
      "giangVien": "T.T.T.Bình",
      "thoiGian": "31/01/23 đến 25/04/23"
    },
    {
      "maMH": "BAS1159",
      "tenMH": "Tiếng Anh (Course 3)",
      "nhom": "44",
      "soTinChi": "4",
      "lop": "D21-075",
      "thu": "3",
      "tietBatDau": "9",
      "soTiet": "2",
      "phong": "704-A2",
      "giangVien": "T.T.T.Bình",
      "thoiGian": "09/05/23 đến 16/05/23"
    },
    {
      "maMH": "ELE1319",
      "tenMH": "Lý thuyết thông tin",
      "nhom": "03",
      "soTinChi": "3",
      "lop": "D21-157",
      "thu": "3",
      "tietBatDau": "7",
      "soTiet": "2",
      "phong": "501-A2",
      "giangVien": "N.T.H.Thảo",
      "thoiGian": "31/01/23 đến 25/04/23"
    },
    {
      "maMH": "ELE1319",
      "tenMH": "Lý thuyết thông tin",
      "nhom": "03",
      "soTinChi": "3",
      "lop": "D21-157",
      "thu": "3",
      "tietBatDau": "7",
      "soTiet": "2",
      "phong": "501-A2",
      "giangVien": "N.T.H.Thảo",
      "thoiGian": "09/05/23 đến 16/05/23"
    },
    {
      "maMH": "ELE1319",
      "tenMH": "Lý thuyết thông tin",
      "nhom": "03",
      "soTinChi": "3",
      "lop": "D21-157",
      "thu": "3",
      "tietBatDau": "11",
      "soTiet": "2",
      "phong": "501-A2",
      "giangVien": "N.T.H.Thảo",
      "thoiGian": "31/01/23 đến 14/03/23"
    },
    {
      "maMH": "INT1306",
      "tenMH": "Cấu trúc dữ liệu và giải thuật",
      "nhom": "15-01",
      "soTinChi": "3",
      "lop": "D20-307",
      "thu": "5",
      "tietBatDau": "7",
      "soTiet": "2",
      "phong": "302-A2",
      "giangVien": "H.H.Hạnh",
      "thoiGian": "02/02/23 đến 11/05/23"
    },
    {
      "maMH": "INT1306",
      "tenMH": "Cấu trúc dữ liệu và giải thuật",
      "nhom": "15-01",
      "soTinChi": "3",
      "lop": "D20-307",
      "thu": "5",
      "tietBatDau": "11",
      "soTiet": "2",
      "phong": "302-A2",
      "giangVien": "H.H.Hạnh",
      "thoiGian": "02/02/23 đến 02/03/23"
    },
    {
      "maMH": "INT1306",
      "tenMH": "Cấu trúc dữ liệu và giải thuật",
      "nhom": "15-01",
      "soTinChi": "3",
      "lop": "D20-307",
      "thu": "CN",
      "tietBatDau": "5",
      "soTiet": "4",
      "phong": "CODE.PTIT.EDU.VN",
      "giangVien": "N.M.Sơn",
      "thoiGian": "19/03/23 đến 19/03/23"
    },
    {
      "maMH": "INT1306",
      "tenMH": "Cấu trúc dữ liệu và giải thuật",
      "nhom": "15-01",
      "soTinChi": "3",
      "lop": "D20-307",
      "thu": "CN",
      "tietBatDau": "5",
      "soTiet": "4",
      "phong": "CODE.PTIT.EDU.VN",
      "giangVien": "N.M.Sơn",
      "thoiGian": "23/04/23 đến 23/04/23"
    },
    {
      "maMH": "INT13145",
      "tenMH": "Kiến trúc máy tính",
      "nhom": "01",
      "soTinChi": "3",
      "lop": "D21-105",
      "thu": "2",
      "tietBatDau": "7",
      "soTiet": "2",
      "phong": "501-A2",
      "giangVien": "Đ.X.Trường",
      "thoiGian": "30/01/23 đến 24/04/23"
    },
    {
      "maMH": "INT13145",
      "tenMH": "Kiến trúc máy tính",
      "nhom": "01",
      "soTinChi": "3",
      "lop": "D21-105",
      "thu": "2",
      "tietBatDau": "7",
      "soTiet": "2",
      "phong": "501-A2",
      "giangVien": "Đ.X.Trường",
      "thoiGian": "08/05/23 đến 15/05/23"
    },
    {
      "maMH": "INT13145",
      "tenMH": "Kiến trúc máy tính",
      "nhom": "01",
      "soTinChi": "3",
      "lop": "D21-105",
      "thu": "2",
      "tietBatDau": "11",
      "soTiet": "2",
      "phong": "501-A2",
      "giangVien": "Đ.X.Trường",
      "thoiGian": "30/01/23 đến 13/03/23"
    },
    {
      "maMH": "INT1359",
      "tenMH": "Toán rời rạc 2",
      "nhom": "08",
      "soTinChi": "3",
      "lop": "D21-126",
      "thu": "5",
      "tietBatDau": "9",
      "soTiet": "2",
      "phong": "503-A2",
      "giangVien": "V.H.Thư",
      "thoiGian": "02/02/23 đến 11/05/23"
    },
    {
      "maMH": "INT1359",
      "tenMH": "Toán rời rạc 2",
      "nhom": "08",
      "soTinChi": "3",
      "lop": "D21-126",
      "thu": "5",
      "tietBatDau": "11",
      "soTiet": "2",
      "phong": "503-A2",
      "giangVien": "V.H.Thư",
      "thoiGian": "30/03/23 đến 11/05/23"
    },
    {
      "maMH": "SKD1103",
      "tenMH": "Kỹ năng tạo lập Văn bản",
      "nhom": "07",
      "soTinChi": "1",
      "lop": "D21-238",
      "thu": "5",
      "tietBatDau": "1",
      "soTiet": "2",
      "phong": "703-A2",
      "giangVien": "T.H.Giang",
      "thoiGian": "09/02/23 đến 23/03/23"
    }
  ],
  "Học kỳ 1 Năm học 2022-2023": [
    {
      "maMH": "BAS1152",
      "tenMH": "Chủ nghĩa xã hội khoa học",
      "nhom": "25",
      "soTinChi": "2",
      "lop": "D21-029",
      "thu": "4",
      "tietBatDau": "1",
      "soTiet": "2",
      "phong": "601-A2",
      "giangVien": "Đ.M.Sơn",
      "thoiGian": "17/08/22 đến 23/11/22"
    },
    {
      "maMH": "BAS1158",
      "tenMH": "Tiếng Anh (Course 2)",
      "nhom": "46",
      "soTinChi": "4",
      "lop": "D21-260",
      "thu": "3",
      "tietBatDau": "3",
      "soTiet": "2",
      "phong": "303-A2",
      "giangVien": "B.S.Thắng",
      "thoiGian": "16/08/22 đến 22/11/22"
    },
    {
      "maMH": "BAS1158",
      "tenMH": "Tiếng Anh (Course 2)",
      "nhom": "46",
      "soTinChi": "4",
      "lop": "D21-260",
      "thu": "4",
      "tietBatDau": "3",
      "soTiet": "2",
      "phong": "404-A2",
      "giangVien": "B.T.L.Thương",
      "thoiGian": "17/08/22 đến 23/11/22"
    },
    {
      "maMH": "BAS1227",
      "tenMH": "Vật lý 3 và thí nghiệm",
      "nhom": "09-03",
      "soTinChi": "4",
      "lop": "D21-060",
      "thu": "6",
      "tietBatDau": "1",
      "soTiet": "2",
      "phong": "301-A2",
      "giangVien": "V.T.H.Nga",
      "thoiGian": "19/08/22 đến 26/08/22"
    },
    {
      "maMH": "BAS1227",
      "tenMH": "Vật lý 3 và thí nghiệm",
      "nhom": "09-03",
      "soTinChi": "4",
      "lop": "D21-060",
      "thu": "6",
      "tietBatDau": "1",
      "soTiet": "2",
      "phong": "301-A2",
      "giangVien": "V.T.H.Nga",
      "thoiGian": "09/09/22 đến 02/12/22"
    },
    {
      "maMH": "BAS1227",
      "tenMH": "Vật lý 3 và thí nghiệm",
      "nhom": "09-03",
      "soTinChi": "4",
      "lop": "D21-060",
      "thu": "6",
      "tietBatDau": "5",
      "soTiet": "2",
      "phong": "301-A2",
      "giangVien": "V.T.H.Nga",
      "thoiGian": "19/08/22 đến 26/08/22"
    },
    {
      "maMH": "BAS1227",
      "tenMH": "Vật lý 3 và thí nghiệm",
      "nhom": "09-03",
      "soTinChi": "4",
      "lop": "D21-060",
      "thu": "6",
      "tietBatDau": "5",
      "soTiet": "2",
      "phong": "301-A2",
      "giangVien": "V.T.H.Nga",
      "thoiGian": "09/09/22 đến 07/10/22"
    },
    {
      "maMH": "BAS1227",
      "tenMH": "Vật lý 3 và thí nghiệm",
      "nhom": "09-03",
      "soTinChi": "4",
      "lop": "D21-060",
      "thu": "CN",
      "tietBatDau": "1",
      "soTiet": "4",
      "phong": "B-A3",
      "giangVien": "V.T.H.Nga",
      "thoiGian": "02/10/22 đến 09/10/22"
    },
    {
      "maMH": "ELE1330",
      "tenMH": "Xử lý tín hiệu số",
      "nhom": "03",
      "soTinChi": "2",
      "lop": "D21-118",
      "thu": "3",
      "tietBatDau": "1",
      "soTiet": "2",
      "phong": "G03-A2",
      "giangVien": "T.T.Anh",
      "thoiGian": "16/08/22 đến 22/11/22"
    },
    {
      "maMH": "INT1339",
      "tenMH": "Ngôn ngữ lập trình C++",
      "nhom": "10-01",
      "soTinChi": "3",
      "lop": "D21-093",
      "thu": "3",
      "tietBatDau": "5",
      "soTiet": "4",
      "phong": "CODE.PTIT.EDU.VN",
      "giangVien": "N.Đ.Hiến",
      "thoiGian": "13/09/22 đến 13/09/22"
    },
    {
      "maMH": "INT1339",
      "tenMH": "Ngôn ngữ lập trình C++",
      "nhom": "10-01",
      "soTinChi": "3",
      "lop": "D21-093",
      "thu": "3",
      "tietBatDau": "5",
      "soTiet": "4",
      "phong": "CODE.PTIT.EDU.VN",
      "giangVien": "N.Đ.Hiến",
      "thoiGian": "11/10/22 đến 11/10/22"
    },
    {
      "maMH": "INT1339",
      "tenMH": "Ngôn ngữ lập trình C++",
      "nhom": "10-01",
      "soTinChi": "3",
      "lop": "D21-093",
      "thu": "3",
      "tietBatDau": "5",
      "soTiet": "4",
      "phong": "CODE.PTIT.EDU.VN",
      "giangVien": "N.Đ.Hiến",
      "thoiGian": "08/11/22 đến 08/11/22"
    },
    {
      "maMH": "INT1339",
      "tenMH": "Ngôn ngữ lập trình C++",
      "nhom": "10-01",
      "soTinChi": "3",
      "lop": "D21-093",
      "thu": "6",
      "tietBatDau": "3",
      "soTiet": "2",
      "phong": "201A-A3",
      "giangVien": "N.Đ.Hiến",
      "thoiGian": "19/08/22 đến 26/08/22"
    },
    {
      "maMH": "INT1339",
      "tenMH": "Ngôn ngữ lập trình C++",
      "nhom": "10-01",
      "soTinChi": "3",
      "lop": "D21-093",
      "thu": "6",
      "tietBatDau": "3",
      "soTiet": "2",
      "phong": "201A-A3",
      "giangVien": "N.Đ.Hiến",
      "thoiGian": "09/09/22 đến 02/12/22"
    },
    {
      "maMH": "INT1339",
      "tenMH": "Ngôn ngữ lập trình C++",
      "nhom": "10-01",
      "soTinChi": "3",
      "lop": "D21-093",
      "thu": "6",
      "tietBatDau": "5",
      "soTiet": "2",
      "phong": "201A-A3",
      "giangVien": "N.Đ.Hiến",
      "thoiGian": "14/10/22 đến 04/11/22"
    },
    {
      "maMH": "INT1358",
      "tenMH": "Toán rời rạc 1",
      "nhom": "04",
      "soTinChi": "3",
      "lop": "D21-069",
      "thu": "3",
      "tietBatDau": "9",
      "soTiet": "2",
      "phong": "405-A2",
      "giangVien": "N.X.Bách",
      "thoiGian": "16/08/22 đến 22/11/22"
    },
    {
      "maMH": "INT1358",
      "tenMH": "Toán rời rạc 1",
      "nhom": "04",
      "soTinChi": "3",
      "lop": "D21-069",
      "thu": "3",
      "tietBatDau": "11",
      "soTiet": "2",
      "phong": "405-A2",
      "giangVien": "N.X.Bách",
      "thoiGian": "11/10/22 đến 22/11/22"
    },
    {
      "maMH": "SKD1102",
      "tenMH": "Kỹ năng làm việc nhóm",
      "nhom": "01",
      "soTinChi": "1",
      "lop": "D21-175",
      "thu": "2",
      "tietBatDau": "1",
      "soTiet": "2",
      "phong": "801A-A2",
      "giangVien": "P.T.T.Nga",
      "thoiGian": "15/08/22 đến 26/09/22"
    }
  ],
  "Học kỳ 3 Năm học 2021-2022": [
    {
      "thu": "Không tìm thấy dữ liệu"
    }
  ],
  "Học kỳ 2 Năm học 2021-2022": [
    {
      "maMH": "BAS1107",
      "tenMH": "Giáo dục thể chất 2",
      "nhom": "33",
      "soTinChi": "2",
      "lop": "D21-033",
      "thu": "5",
      "tietBatDau": "1",
      "soTiet": "2",
      "phong": "SAN-B5",
      "giangVien": "N.P.Trung",
      "thoiGian": "10/02/22 đến 10/03/22"
    },
    {
      "maMH": "BAS1107",
      "tenMH": "Giáo dục thể chất 2",
      "nhom": "33",
      "soTinChi": "2",
      "lop": "D21-033",
      "thu": "5",
      "tietBatDau": "1",
      "soTiet": "2",
      "phong": "SAN-B5",
      "giangVien": "N.P.Trung",
      "thoiGian": "07/04/22 đến 02/06/22"
    },
    {
      "maMH": "BAS1151",
      "tenMH": "Kinh tế chính trị Mác- Lênin",
      "nhom": "26",
      "soTinChi": "2",
      "lop": "D21-074",
      "thu": "5",
      "tietBatDau": "9",
      "soTiet": "2",
      "phong": "403-A2",
      "giangVien": "P.M.Ái",
      "thoiGian": "10/02/22 đến 10/03/22"
    },
    {
      "maMH": "BAS1151",
      "tenMH": "Kinh tế chính trị Mác- Lênin",
      "nhom": "26",
      "soTinChi": "2",
      "lop": "D21-074",
      "thu": "5",
      "tietBatDau": "9",
      "soTiet": "2",
      "phong": "403-A2",
      "giangVien": "P.M.Ái",
      "thoiGian": "07/04/22 đến 02/06/22"
    },
    {
      "maMH": "BAS1151",
      "tenMH": "Kinh tế chính trị Mác- Lênin",
      "nhom": "26",
      "soTinChi": "2",
      "lop": "D21-074",
      "thu": "5",
      "tietBatDau": "11",
      "soTiet": "2",
      "phong": "403-A2",
      "giangVien": "P.M.Ái",
      "thoiGian": "26/05/22 đến 26/05/22"
    },
    {
      "maMH": "BAS1157",
      "tenMH": "Tiếng Anh (Course 1)",
      "nhom": "57",
      "soTinChi": "4",
      "lop": "D21-298",
      "thu": "3",
      "tietBatDau": "1",
      "soTiet": "2",
      "phong": "204-A2",
      "giangVien": "N.T.Sâm",
      "thoiGian": "08/02/22 đến 08/03/22"
    },
    {
      "maMH": "BAS1157",
      "tenMH": "Tiếng Anh (Course 1)",
      "nhom": "57",
      "soTinChi": "4",
      "lop": "D21-298",
      "thu": "3",
      "tietBatDau": "1",
      "soTiet": "2",
      "phong": "204-A2",
      "giangVien": "N.T.Sâm",
      "thoiGian": "05/04/22 đến 26/04/22"
    },
    {
      "maMH": "BAS1157",
      "tenMH": "Tiếng Anh (Course 1)",
      "nhom": "57",
      "soTinChi": "4",
      "lop": "D21-298",
      "thu": "3",
      "tietBatDau": "1",
      "soTiet": "2",
      "phong": "204-A2",
      "giangVien": "N.T.Sâm",
      "thoiGian": "10/05/22 đến 31/05/22"
    },
    {
      "maMH": "BAS1157",
      "tenMH": "Tiếng Anh (Course 1)",
      "nhom": "57",
      "soTinChi": "4",
      "lop": "D21-298",
      "thu": "3",
      "tietBatDau": "5",
      "soTiet": "2",
      "phong": "204-A2",
      "giangVien": "N.T.Sâm",
      "thoiGian": "01/03/22 đến 08/03/22"
    },
    {
      "maMH": "BAS1157",
      "tenMH": "Tiếng Anh (Course 1)",
      "nhom": "57",
      "soTinChi": "4",
      "lop": "D21-298",
      "thu": "4",
      "tietBatDau": "1",
      "soTiet": "2",
      "phong": "204-A2",
      "giangVien": "Đ.P.Thúy",
      "thoiGian": "09/02/22 đến 09/03/22"
    },
    {
      "maMH": "BAS1157",
      "tenMH": "Tiếng Anh (Course 1)",
      "nhom": "57",
      "soTinChi": "4",
      "lop": "D21-298",
      "thu": "4",
      "tietBatDau": "1",
      "soTiet": "2",
      "phong": "204-A2",
      "giangVien": "Đ.P.Thúy",
      "thoiGian": "06/04/22 đến 01/06/22"
    },
    {
      "maMH": "BAS1157",
      "tenMH": "Tiếng Anh (Course 1)",
      "nhom": "57",
      "soTinChi": "4",
      "lop": "D21-298",
      "thu": "4",
      "tietBatDau": "5",
      "soTiet": "2",
      "phong": "204-A2",
      "giangVien": "Đ.P.Thúy",
      "thoiGian": "02/03/22 đến 02/03/22"
    },
    {
      "maMH": "BAS1204",
      "tenMH": "Giải tích 2",
      "nhom": "16",
      "soTinChi": "3",
      "lop": "D21-094",
      "thu": "6",
      "tietBatDau": "3",
      "soTiet": "2",
      "phong": "401-A2",
      "giangVien": "P.N.Anh",
      "thoiGian": "11/02/22 đến 11/03/22"
    },
    {
      "maMH": "BAS1204",
      "tenMH": "Giải tích 2",
      "nhom": "16",
      "soTinChi": "3",
      "lop": "D21-094",
      "thu": "6",
      "tietBatDau": "3",
      "soTiet": "2",
      "phong": "401-A2",
      "giangVien": "P.N.Anh",
      "thoiGian": "01/04/22 đến 03/06/22"
    },
    {
      "maMH": "BAS1204",
      "tenMH": "Giải tích 2",
      "nhom": "16",
      "soTinChi": "3",
      "lop": "D21-094",
      "thu": "6",
      "tietBatDau": "5",
      "soTiet": "2",
      "phong": "401-A2",
      "giangVien": "P.N.Anh",
      "thoiGian": "08/04/22 đến 20/05/22"
    },
    {
      "maMH": "BAS1224",
      "tenMH": "Vật lý 1 và thí nghiệm",
      "nhom": "13-04",
      "soTinChi": "4",
      "lop": "D21-131",
      "thu": "4",
      "tietBatDau": "5",
      "soTiet": "4",
      "phong": "B-A3",
      "giangVien": "L.T.M.Thanh",
      "thoiGian": "30/03/22 đến 20/04/22"
    },
    {
      "maMH": "BAS1224",
      "tenMH": "Vật lý 1 và thí nghiệm",
      "nhom": "13-04",
      "soTinChi": "4",
      "lop": "D21-131",
      "thu": "5",
      "tietBatDau": "7",
      "soTiet": "2",
      "phong": "301-A2",
      "giangVien": "L.T.M.Thanh",
      "thoiGian": "10/02/22 đến 10/03/22"
    },
    {
      "maMH": "BAS1224",
      "tenMH": "Vật lý 1 và thí nghiệm",
      "nhom": "13-04",
      "soTinChi": "4",
      "lop": "D21-131",
      "thu": "5",
      "tietBatDau": "7",
      "soTiet": "2",
      "phong": "301-A2",
      "giangVien": "L.T.M.Thanh",
      "thoiGian": "31/03/22 đến 02/06/22"
    },
    {
      "maMH": "BAS1224",
      "tenMH": "Vật lý 1 và thí nghiệm",
      "nhom": "13-04",
      "soTinChi": "4",
      "lop": "D21-131",
      "thu": "5",
      "tietBatDau": "11",
      "soTiet": "2",
      "phong": "301-A2",
      "giangVien": "L.T.M.Thanh",
      "thoiGian": "10/02/22 đến 10/03/22"
    },
    {
      "maMH": "BAS1224",
      "tenMH": "Vật lý 1 và thí nghiệm",
      "nhom": "13-04",
      "soTinChi": "4",
      "lop": "D21-131",
      "thu": "5",
      "tietBatDau": "11",
      "soTiet": "2",
      "phong": "301-A2",
      "giangVien": "L.T.M.Thanh",
      "thoiGian": "31/03/22 đến 31/03/22"
    },
    {
      "maMH": "BAS1224",
      "tenMH": "Vật lý 1 và thí nghiệm",
      "nhom": "13-04",
      "soTinChi": "4",
      "lop": "D21-131",
      "thu": "CN",
      "tietBatDau": "7",
      "soTiet": "2",
      "phong": "302-A2",
      "giangVien": "L.T.M.Thanh",
      "thoiGian": "15/05/22 đến 29/05/22"
    },
    {
      "maMH": "BAS1226",
      "tenMH": "Xác suất thống kê",
      "nhom": "15",
      "soTinChi": "2",
      "lop": "D21-151",
      "thu": "6",
      "tietBatDau": "1",
      "soTiet": "2",
      "phong": "503-A2",
      "giangVien": "N.T.M.Tâm",
      "thoiGian": "11/02/22 đến 11/03/22"
    },
    {
      "maMH": "BAS1226",
      "tenMH": "Xác suất thống kê",
      "nhom": "15",
      "soTinChi": "2",
      "lop": "D21-151",
      "thu": "6",
      "tietBatDau": "1",
      "soTiet": "2",
      "phong": "503-A2",
      "giangVien": "N.T.M.Tâm",
      "thoiGian": "01/04/22 đến 03/06/22"
    },
    {
      "maMH": "ELE1433",
      "tenMH": "Kỹ thuật số",
      "nhom": "06-02",
      "soTinChi": "2",
      "lop": "D21-201",
      "thu": "2",
      "tietBatDau": "5",
      "soTiet": "4",
      "phong": "609-A3",
      "giangVien": "N.X.Hưng",
      "thoiGian": "09/05/22 đến 09/05/22"
    },
    {
      "maMH": "ELE1433",
      "tenMH": "Kỹ thuật số",
      "nhom": "06-02",
      "soTinChi": "2",
      "lop": "D21-201",
      "thu": "4",
      "tietBatDau": "3",
      "soTiet": "2",
      "phong": "205-A3",
      "giangVien": "T.T.T.Hà",
      "thoiGian": "09/02/22 đến 09/03/22"
    },
    {
      "maMH": "ELE1433",
      "tenMH": "Kỹ thuật số",
      "nhom": "06-02",
      "soTinChi": "2",
      "lop": "D21-201",
      "thu": "4",
      "tietBatDau": "3",
      "soTiet": "2",
      "phong": "205-A3",
      "giangVien": "T.T.T.Hà",
      "thoiGian": "23/03/22 đến 18/05/22"
    },
    {
      "maMH": "INT1155",
      "tenMH": "Tin học cơ sở 2",
      "nhom": "06",
      "soTinChi": "2",
      "lop": "D21-160",
      "thu": "3",
      "tietBatDau": "3",
      "soTiet": "2",
      "phong": "201A-A3",
      "giangVien": "N.Đ.Hiến",
      "thoiGian": "08/02/22 đến 08/03/22"
    },
    {
      "maMH": "INT1155",
      "tenMH": "Tin học cơ sở 2",
      "nhom": "06",
      "soTinChi": "2",
      "lop": "D21-160",
      "thu": "3",
      "tietBatDau": "3",
      "soTiet": "2",
      "phong": "201A-A3",
      "giangVien": "N.Đ.Hiến",
      "thoiGian": "29/03/22 đến 26/04/22"
    },
    {
      "maMH": "INT1155",
      "tenMH": "Tin học cơ sở 2",
      "nhom": "06",
      "soTinChi": "2",
      "lop": "D21-160",
      "thu": "3",
      "tietBatDau": "3",
      "soTiet": "2",
      "phong": "201A-A3",
      "giangVien": "N.Đ.Hiến",
      "thoiGian": "10/05/22 đến 17/05/22"
    }
  ],
  "Học kỳ 1 Năm học 2021-2022": [
    {
      "maMH": "BAS1105M",
      "tenMH": "Giáo dục quốc phòng",
      "nhom": "01",
      "soTinChi": "7.5",
      "lop": "",
      "thu": "",
      "tietBatDau": "0",
      "soTiet": "0",
      "phong": "",
      "giangVien": "",
      "thoiGian": ""
    },
    {
      "maMH": "BAS1106",
      "tenMH": "Giáo dục thể chất 1",
      "nhom": "06",
      "soTinChi": "2",
      "lop": "D21CQCN12-B",
      "thu": "3",
      "tietBatDau": "3",
      "soTiet": "2",
      "phong": "70226",
      "giangVien": "N.Đ.Thịnh",
      "thoiGian": "02/11/21 đến 04/01/22"
    },
    {
      "maMH": "BAS1106",
      "tenMH": "Giáo dục thể chất 1",
      "nhom": "06",
      "soTinChi": "2",
      "lop": "D21CQCN12-B",
      "thu": "7",
      "tietBatDau": "3",
      "soTiet": "2",
      "phong": "70226",
      "giangVien": "N.Đ.Thịnh",
      "thoiGian": "06/11/21 đến 27/11/21"
    },
    {
      "maMH": "BAS1150",
      "tenMH": "Triết học Mác - Lênin",
      "nhom": "08",
      "soTinChi": "3",
      "lop": "D21CQCN11-B, D21CQCN12-B",
      "thu": "5",
      "tietBatDau": "7",
      "soTiet": "2",
      "phong": "70276",
      "giangVien": "P.M.Ái",
      "thoiGian": "04/11/21 đến 06/01/22"
    },
    {
      "maMH": "BAS1150",
      "tenMH": "Triết học Mác - Lênin",
      "nhom": "08",
      "soTinChi": "3",
      "lop": "D21CQCN11-B, D21CQCN12-B",
      "thu": "6",
      "tietBatDau": "7",
      "soTiet": "2",
      "phong": "70276",
      "giangVien": "P.M.Ái",
      "thoiGian": "05/11/21 đến 07/01/22"
    },
    {
      "maMH": "BAS1150",
      "tenMH": "Triết học Mác - Lênin",
      "nhom": "08",
      "soTinChi": "3",
      "lop": "D21CQCN11-B, D21CQCN12-B",
      "thu": "6",
      "tietBatDau": "11",
      "soTiet": "2",
      "phong": "70276",
      "giangVien": "P.M.Ái",
      "thoiGian": "05/11/21 đến 12/11/21"
    },
    {
      "maMH": "BAS1201",
      "tenMH": "Đại số",
      "nhom": "08",
      "soTinChi": "3",
      "lop": "D21CQCN11-B, D21CQCN12-B",
      "thu": "4",
      "tietBatDau": "9",
      "soTiet": "2",
      "phong": "70214",
      "giangVien": "N.T.K.Quy",
      "thoiGian": "03/11/21 đến 05/01/22"
    },
    {
      "maMH": "BAS1201",
      "tenMH": "Đại số",
      "nhom": "08",
      "soTinChi": "3",
      "lop": "D21CQCN11-B, D21CQCN12-B",
      "thu": "4",
      "tietBatDau": "11",
      "soTiet": "2",
      "phong": "70214",
      "giangVien": "N.T.K.Quy",
      "thoiGian": "08/12/21 đến 15/12/21"
    },
    {
      "maMH": "BAS1201",
      "tenMH": "Đại số",
      "nhom": "08",
      "soTinChi": "3",
      "lop": "D21CQCN11-B, D21CQCN12-B",
      "thu": "5",
      "tietBatDau": "9",
      "soTiet": "2",
      "phong": "70214",
      "giangVien": "N.T.K.Quy",
      "thoiGian": "04/11/21 đến 06/01/22"
    },
    {
      "maMH": "BAS1203",
      "tenMH": "Giải tích 1",
      "nhom": "08",
      "soTinChi": "3",
      "lop": "D21CQCN11-B, D21CQCN12-B",
      "thu": "2",
      "tietBatDau": "9",
      "soTiet": "2",
      "phong": "71435",
      "giangVien": "L.V.Ngọc",
      "thoiGian": "01/11/21 đến 27/12/21"
    },
    {
      "maMH": "BAS1203",
      "tenMH": "Giải tích 1",
      "nhom": "08",
      "soTinChi": "3",
      "lop": "D21CQCN11-B, D21CQCN12-B",
      "thu": "2",
      "tietBatDau": "11",
      "soTiet": "2",
      "phong": "71435",
      "giangVien": "L.V.Ngọc",
      "thoiGian": "06/12/21 đến 20/12/21"
    },
    {
      "maMH": "BAS1203",
      "tenMH": "Giải tích 1",
      "nhom": "08",
      "soTinChi": "3",
      "lop": "D21CQCN11-B, D21CQCN12-B",
      "thu": "3",
      "tietBatDau": "9",
      "soTiet": "2",
      "phong": "71435",
      "giangVien": "L.V.Ngọc",
      "thoiGian": "02/11/21 đến 04/01/22"
    },
    {
      "maMH": "INT1154",
      "tenMH": "Tin học cơ sở 1",
      "nhom": "08",
      "soTinChi": "2",
      "lop": "D21CQCN11-B, D21CQCN12-B",
      "thu": "2",
      "tietBatDau": "7",
      "soTiet": "2",
      "phong": "70278",
      "giangVien": "P.N.Đĩnh",
      "thoiGian": "01/11/21 đến 27/12/21"
    },
    {
      "maMH": "INT1154",
      "tenMH": "Tin học cơ sở 1",
      "nhom": "08",
      "soTinChi": "2",
      "lop": "D21CQCN11-B, D21CQCN12-B",
      "thu": "2",
      "tietBatDau": "11",
      "soTiet": "2",
      "phong": "70278",
      "giangVien": "P.N.Đĩnh",
      "thoiGian": "01/11/21 đến 15/11/21"
    }
  ]
}